"","w03b.ticket"
"1","kysul3gr7hfixvdx_adb5c5bc63384f7b_c3b3b23c17762633_00c762e30f78e32eebbb501bf429671d"
"2","93bf032fc9f7b346_adb5c5bc63384f7b_c3b3b23c17762633_b94b818185ca2e78258f5a588e082cac"
"3","5f3c8d135acc8574_adb5c5bc63384f7b_c3b3b23c17762633_ba3bc608a93e8fbe35692721ac3529f8"
"4","925a4bc19707664d_adb5c5bc63384f7b_c3b3b23c17762633_e61e832724b20edb2d58a57faea60409"
"5","f504516d975d44a8_adb5c5bc63384f7b_c3b3b23c17762633_ee1f1a7bd546b44183313df1773a3348"
"6","a8f187cfb10a8135_adb5c5bc63384f7b_c3b3b23c17762633_dad282cf9575a3528a039fe55c30d411"
"7","b227f5d055c09cdb_adb5c5bc63384f7b_c3b3b23c17762633_8de4ab6c33e1b8bdd583aef43914074a"
"8","4ab189acc5230c4c_adb5c5bc63384f7b_c3b3b23c17762633_2ea760eaf810cc52a5968568e4ebe48e"
"9","bc85c5503a29a4ff_adb5c5bc63384f7b_c3b3b23c17762633_7d1e37296980dd9f25f18ddb75731a07"
"10","64705b0ab92d2385_adb5c5bc63384f7b_c3b3b23c17762633_ad533c8b759d4542160625cb39c64dd6"
"11","7cf7925c25687210_adb5c5bc63384f7b_c3b3b23c17762633_1b4bb74f4762b19762c1ea38dbca6973"
"12","94cb7a1d3a581ca0_adb5c5bc63384f7b_c3b3b23c17762633_0ede8c9016d2607c7735ffd0af3d66d6"
"13","c50429f41ff01208_adb5c5bc63384f7b_c3b3b23c17762633_c8ec8a0678457c3a2f3f9b862931e934"
"14","d72b49ff238b133d_adb5c5bc63384f7b_c3b3b23c17762633_6805f46cead0aa9eb7c94f69a4b227c7"
"15","d2036d4178f8439f_adb5c5bc63384f7b_c3b3b23c17762633_070325d4e16a238d2e0d9218c7b5f933"
"16","811303109fa92963_adb5c5bc63384f7b_c3b3b23c17762633_54234cd9cf36f0a8b8268b0ebb9769bb"
"17","396c87042b124090_adb5c5bc63384f7b_c3b3b23c17762633_a50dc43af8347e2d49bf1f1f025b59ce"
"18","7f704ab5c62dd15f_adb5c5bc63384f7b_c3b3b23c17762633_66b656b70f43778520d3bb65f2aec5b2"
"19","a4a72a3f0990cb5b_adb5c5bc63384f7b_c3b3b23c17762633_b7ddebb58334e3093fe967b77a387fac"
"20","5f1d57138c2c0f36_adb5c5bc63384f7b_c3b3b23c17762633_935a6a52fa6e951a32c40b1171a63f1c"
"21","1d82a4f251bcb13d_adb5c5bc63384f7b_c3b3b23c17762633_fd158145a1a9218ab1de3879084fa0d8"
"22","79aa5c5f05f70dc5_adb5c5bc63384f7b_c3b3b23c17762633_ef830f98de44c4353e4bfbf1ca0210e5"
"23","188af9d2c0df6b52_adb5c5bc63384f7b_c3b3b23c17762633_d926aacbaea85fa7560ca87b4b118a64"
"24","cf2afc93906b6fa2_adb5c5bc63384f7b_c3b3b23c17762633_f1bd92f4e0d6b33fd09cb866da3c8340"
"25","01c147a655cba2d4_adb5c5bc63384f7b_c3b3b23c17762633_58d1f5de3574da46af211f2599b0121a"
"26","afb60d626bdc5168_adb5c5bc63384f7b_c3b3b23c17762633_5482ae367612da6f879b8732f62f86ee"
"27","b86bd19ba02c89f5_adb5c5bc63384f7b_c3b3b23c17762633_ccade55b2bb848c67af8d2275a684055"
"28","6a809ca8c0f19147_adb5c5bc63384f7b_c3b3b23c17762633_ab3fecb12cb150257021a9fa142a2e94"
"29","d2351214a66b49f2_adb5c5bc63384f7b_c3b3b23c17762633_9adaacbe5125bfd9dc5aa98702b29976"
"30","d71774df6b297a87_adb5c5bc63384f7b_c3b3b23c17762633_8871598643becf6f4ae03f8bd3dbad62"
"31","f6f93296d0f06188_adb5c5bc63384f7b_c3b3b23c17762633_93e095c9f4231597a409cdd1cc14fea1"
"32","085f67229696b201_adb5c5bc63384f7b_c3b3b23c17762633_1f8dcbb1b08bc6b775e358ca8bc02cd3"
"33","775a21b1cf190962_adb5c5bc63384f7b_c3b3b23c17762633_d22423c0c7511ffb97281f9b00bd515f"
"34","64c1c8d039078bad_adb5c5bc63384f7b_c3b3b23c17762633_358c3df5b30f43166b72a1209573ee48"
"35","f39cbf65711d7a54_adb5c5bc63384f7b_c3b3b23c17762633_5264f6dcfbadb5e5a9263248701502a5"
"36","37456fa7f7866a86_adb5c5bc63384f7b_c3b3b23c17762633_6efd154faa49b15599828740b5d5bdf3"
"37","d2c04c80a086a930_adb5c5bc63384f7b_c3b3b23c17762633_3241f9bbe7ef7b7155b6af492d89646b"
"38","435f6a00150449b2_adb5c5bc63384f7b_c3b3b23c17762633_1be47181098d3ce8366111e4bcfa02b9"
"39","29b2bb4fd51166b3_adb5c5bc63384f7b_c3b3b23c17762633_940694d2d756e872a459efd18afefdf6"
"40","c80247408750aa14_adb5c5bc63384f7b_c3b3b23c17762633_c193252db9cf4b8c2f47d3b4790ddbc3"
"41","ab88083c753200c5_adb5c5bc63384f7b_c3b3b23c17762633_66edbbc96fe634b89663b22ea135a2bd"
"42","6ca84aa78fcaabd4_adb5c5bc63384f7b_c3b3b23c17762633_76cc400b8f0e4b07a50e2c0f78af067e"
"43","f0a6463246a6876b_adb5c5bc63384f7b_c3b3b23c17762633_88ff95e1406adcf0eebac788a24dd1e7"
"44","6c83c396c203b7df_adb5c5bc63384f7b_c3b3b23c17762633_74cee4886dde5fdc945f6cd81692c50d"
"45","8a0a89dd24015aa5_adb5c5bc63384f7b_c3b3b23c17762633_14cb853be7a52c43c1ef1db0ecdb3003"
"46","a816892a4ff3a979_adb5c5bc63384f7b_c3b3b23c17762633_62992ea5b1a86a10d975d2947e7d724b"
"47","35859aba0bb21c3d_adb5c5bc63384f7b_c3b3b23c17762633_038c59c9e8e73265af4b20fd5c8a136c"
"48","9055249d87b529f8_adb5c5bc63384f7b_c3b3b23c17762633_b738762c5564010a51682757fad50115"
"49","df524b25d36ad5f8_adb5c5bc63384f7b_c3b3b23c17762633_cad7150039dfa5222906c916ca8fadca"
"50","f1b3f7f8f2934c06_adb5c5bc63384f7b_c3b3b23c17762633_2302f0b35c922103c6a2e852a4e9cb38"
"51","69d16088c9d04830_adb5c5bc63384f7b_c3b3b23c17762633_e650a1c12ae3f66499f1e3b4dc0ac243"
"52","550ff32afbaaf8b6_adb5c5bc63384f7b_c3b3b23c17762633_30b863da3c2c2a93f05ac7fedd5c101d"
"53","c38cb85b9304404b_adb5c5bc63384f7b_c3b3b23c17762633_2e32be0edefd5762d2880a666118843d"
"54","8a89c318b95937f7_adb5c5bc63384f7b_c3b3b23c17762633_c32c521c9b12b4f49e37f501918a9faf"
"55","1117b42b85892751_adb5c5bc63384f7b_c3b3b23c17762633_9abc16dd82386bb612b679e1dec9c894"
"56","941c46f760864b71_adb5c5bc63384f7b_c3b3b23c17762633_84eebb042a707e8b4676324265dffcbc"
"57","8462cc656267b039_adb5c5bc63384f7b_c3b3b23c17762633_49dbb5aafe6b36216bd3dbfa1aa0db65"
"58","a7c39d9686d0876c_adb5c5bc63384f7b_c3b3b23c17762633_f335a9bbb23848776a4863e0a82fb9e5"
"59","27dcd889ab39a676_adb5c5bc63384f7b_c3b3b23c17762633_880000a3d1284763474411876acc428a"
"60","cd9ba7d8a944b7ff_adb5c5bc63384f7b_c3b3b23c17762633_113be14ba36aa1bb935c2689993caf53"
"61","f5119813503fcaba_adb5c5bc63384f7b_c3b3b23c17762633_351f96e8995d75ffa189af64dfbbbe81"
"62","7d178cdb25dbaa6d_adb5c5bc63384f7b_c3b3b23c17762633_cfe53a8f47b10b5af088f4205f75e66f"
"63","aafd6672fca233b4_adb5c5bc63384f7b_c3b3b23c17762633_f1b55251bcffa538df3bf6db3d7b7b72"
"64","64a409b01ba60c3d_adb5c5bc63384f7b_c3b3b23c17762633_265e75001bec7298953871bdf3dc3682"
"65","761172f97dcfdb50_adb5c5bc63384f7b_c3b3b23c17762633_e4fe4de7618474ebc6a010dcfa564e79"
"66","421f2f7300fc6329_adb5c5bc63384f7b_c3b3b23c17762633_6e1bcfc56e122ffbc62393fc2a976b4a"
"67","9c68457cad2701fa_adb5c5bc63384f7b_c3b3b23c17762633_671aed83fb250bb44e9c07e9c60e08d5"
"68","4153d756a66cc512_adb5c5bc63384f7b_c3b3b23c17762633_3ccfea60f953f8c751fa3084237a2214"
"69","c054273ac9c1c447_adb5c5bc63384f7b_c3b3b23c17762633_49ae1825452bcadbf0f739bdcc0c4f18"
"70","619d3f92156ff1a8_adb5c5bc63384f7b_c3b3b23c17762633_b777a2002a8dbadd57f15092dcd89a1b"
"71","1862973c2c2a08af_adb5c5bc63384f7b_c3b3b23c17762633_c24a24d10b22419ea9ad449706c44629"
"72","c6715f7c9815b233_adb5c5bc63384f7b_c3b3b23c17762633_4797d9351a152e01d35c411b7860d739"
"73","fb7c8b69394a0344_adb5c5bc63384f7b_c3b3b23c17762633_16db0e70f52deee958be351e2e0b099d"
"74","5f057ad6f46cb81b_adb5c5bc63384f7b_c3b3b23c17762633_6824d270e28d85f9d77edfd3f7d36608"
"75","176a246296a4b777_adb5c5bc63384f7b_c3b3b23c17762633_a630bf3268d235842315640360e28419"
"76","f71cc0995dc9b3db_adb5c5bc63384f7b_c3b3b23c17762633_410bcfd2a77b0b27656326e5b421396d"
"77","b741aa742385021d_adb5c5bc63384f7b_c3b3b23c17762633_51c24acd863ad932fa1ef7aa04792615"
"78","1b88bdda9d9ccb52_adb5c5bc63384f7b_c3b3b23c17762633_793c7c5a1ca0dea6244a46cb2e73cc8f"
"79","715a040238f4a836_adb5c5bc63384f7b_c3b3b23c17762633_1011334bcdbcf82ae1fc676acdbc9f4b"
"80","101b1c809fab8a00_adb5c5bc63384f7b_c3b3b23c17762633_e7cf5d0759a8b2716f0fe1f9602dcc56"
"81","cba3b28b8643db82_adb5c5bc63384f7b_c3b3b23c17762633_7af3f5e00ee168193b3e5a4a348d1719"
"82","53d604941c3b9105_adb5c5bc63384f7b_c3b3b23c17762633_52f264650e78f7b0ab057ec6d105613d"
"83","1da9982303307947_adb5c5bc63384f7b_c3b3b23c17762633_23774e07e0710a5dc748a9d91840e13e"
"84","557a79c9a4bf46a1_adb5c5bc63384f7b_c3b3b23c17762633_19a9691ada05aa88f0f7906c7cbef9c4"
"85","b6f4b33817630b4c_adb5c5bc63384f7b_c3b3b23c17762633_c060938f176f04a0aab0d34648d2e482"
"86","a7941fd4916a27bd_adb5c5bc63384f7b_c3b3b23c17762633_3f4b7544785368cccde9c2a8367f1be9"
"87","cc634c51418d96d1_adb5c5bc63384f7b_c3b3b23c17762633_6dd537cd2681e58cde3c1a632d087bfb"
"88","a73ad5b213f171cd_adb5c5bc63384f7b_c3b3b23c17762633_07fcc02fdaa5d259306c871c228534e8"
"89","fcc7b99604a87f6a_adb5c5bc63384f7b_c3b3b23c17762633_39e84203447b9ac90785be6e5899760c"
"90","2f9b15c769f3b55d_adb5c5bc63384f7b_c3b3b23c17762633_d6d042e6160f34ff1ea5f95c2fec70c1"
"91","b6021c84963fb1c1_adb5c5bc63384f7b_c3b3b23c17762633_faa706667f72e0b77cd7ad6045bdc9de"
"92","371490cf61c8113f_adb5c5bc63384f7b_c3b3b23c17762633_f480738ab9e2b9be545c91cba69e50ae"
"93","5183828050d1ad79_adb5c5bc63384f7b_c3b3b23c17762633_b0719071f3480eb6f01f802c3687de45"
"94","0ff327dd30fd8dc6_adb5c5bc63384f7b_c3b3b23c17762633_4c15c039a6ec2d894709aaa48c69360c"
"95","a40318c407d036a3_adb5c5bc63384f7b_c3b3b23c17762633_96e490c9cb338328ceb28e28f81dd5ba"
"96","24c4a74bc74f8ad4_adb5c5bc63384f7b_c3b3b23c17762633_b265631e65274539692fe2fd5db78a30"
"97","2c7133afb4c42a57_adb5c5bc63384f7b_c3b3b23c17762633_a730c4159c08e81fa302433056ee2410"
"98","408ac75403bf383d_adb5c5bc63384f7b_c3b3b23c17762633_3fda5e094fc93c716b50171b1b1e78f8"
"99","bb869f6c9654c458_adb5c5bc63384f7b_c3b3b23c17762633_b1cfde773d0a6592453dce84184ee002"
"100","434687915c2cc5f6_adb5c5bc63384f7b_c3b3b23c17762633_651874d1fa1231ad641f229c8dde7c3e"
"101","c053022c594a47b0_adb5c5bc63384f7b_c3b3b23c17762633_99d9cf2fd4d46a2a7260bff0e988e6b6"
"102","bd64022aa14b55cc_adb5c5bc63384f7b_c3b3b23c17762633_fdfc5228c67f80bc0b5109f4b5d6ff47"
"103","65c79aa48b5818db_adb5c5bc63384f7b_c3b3b23c17762633_15241466b386fade3939903dff48c39c"
"104","3d66d35daf04d4a2_adb5c5bc63384f7b_c3b3b23c17762633_2c8d13275c471826b26aa9491c833f8f"
"105","b61cb3d102fcac42_adb5c5bc63384f7b_c3b3b23c17762633_f9a59b6f9dd8bfe3409922395688a03f"
"106","04703fb2478d7073_adb5c5bc63384f7b_c3b3b23c17762633_da10f05f954871b4825c4dfa1acc6264"
"107","96d304710481729b_adb5c5bc63384f7b_c3b3b23c17762633_9dbdd3a1c8571a58c997f420d2c3d935"
"108","48b363522577bab6_adb5c5bc63384f7b_c3b3b23c17762633_33208a4ec5f9eea4436df7022ed23aac"
"109","4c719013cd450271_adb5c5bc63384f7b_c3b3b23c17762633_4937528cc82402d5f9545e0bee575d0a"
"110","9769c98ab2c5899d_adb5c5bc63384f7b_c3b3b23c17762633_feefe7f9404128f07088cfd144ed4007"
"111","3fa978f1148a8b35_adb5c5bc63384f7b_c3b3b23c17762633_bdb49922263bbd20182814566f1bfd8d"
"112","1d380892264f91dc_adb5c5bc63384f7b_c3b3b23c17762633_29ea3649072a0263e618bc1c0167d9c8"
"113","5184fc7f3fd99616_adb5c5bc63384f7b_c3b3b23c17762633_ef517ef2021caf795156005bbfde2421"
"114","1a3da3f0b575f073_adb5c5bc63384f7b_c3b3b23c17762633_cf92f9e1727a9bbfa530f3df3d4da60b"
"115","7ab02f326cb89ba0_adb5c5bc63384f7b_c3b3b23c17762633_b6d403ea1709fcc54d31a22635d47c81"
"116","ba79360f62566723_adb5c5bc63384f7b_c3b3b23c17762633_8bcc89a76cad663f583a6f941d7e51fe"
"117","425a18b0791c05b7_adb5c5bc63384f7b_c3b3b23c17762633_821c8fdcac6668635fc4afbb47f81674"
"118","37cdf0d2b3941060_adb5c5bc63384f7b_c3b3b23c17762633_463431ba9b2cec820c958807d7d56bca"
"119","7b9ada5208d9d645_adb5c5bc63384f7b_c3b3b23c17762633_b1925d76a729b0fee0bf2987020d29f9"
"120","31dd0930a56016ab_adb5c5bc63384f7b_c3b3b23c17762633_2fef342517f9048f07c78b8a22692bf1"
"121","431ff5184aa1c6c5_adb5c5bc63384f7b_c3b3b23c17762633_246f3a10a27efbb63de4f274e755988d"
"122","2b922725d31fcb07_adb5c5bc63384f7b_c3b3b23c17762633_1a701cf2e7580e0d9801cec5b5cd1531"
"123","9a9b9c9ca3b17fb9_adb5c5bc63384f7b_c3b3b23c17762633_308e51ebfb570cfdc496c16268529e65"
"124","5db9db78f1f802f9_adb5c5bc63384f7b_c3b3b23c17762633_811e66a53d2b89a56096ff12abd3bd24"
"125","92a9f8dbfc524cf2_adb5c5bc63384f7b_c3b3b23c17762633_fc3fddf0a05ab164c69c6392fae9ba8d"
"126","1182f29cf9d78bf3_adb5c5bc63384f7b_c3b3b23c17762633_12a1173f14ef9d0cb3efda44b13b9f6e"
"127","a67d3c6181d6caa0_adb5c5bc63384f7b_c3b3b23c17762633_c44f6e092961cbfa6cef1b0e67137064"
"128","f591950f9c4d9d41_adb5c5bc63384f7b_c3b3b23c17762633_0181b8b96c4eb67f7b8ba5333b1d37d5"
"129","f87f31311275a576_adb5c5bc63384f7b_c3b3b23c17762633_4329ce7a4c065cb49384e40ee205571b"
"130","37ff3b1d3add5126_adb5c5bc63384f7b_c3b3b23c17762633_dec31668048469b79bd8d09014ea02db"
"131","133f69d19a26abc3_adb5c5bc63384f7b_c3b3b23c17762633_8a624469dea4e2a418f4ab0a71a74855"
"132","9579936bc7ca7583_adb5c5bc63384f7b_c3b3b23c17762633_c1f1f5e793e7b834b18264fa3295a5e2"
"133","2d395afcc2903296_adb5c5bc63384f7b_c3b3b23c17762633_39c3617896d0a4859943eb8ffcf14063"
"134","6df25d8546040c19_adb5c5bc63384f7b_c3b3b23c17762633_db600245c337452584a3013f4d6b6b89"
"135","b3ff03d4c2619959_adb5c5bc63384f7b_c3b3b23c17762633_0f716f63b21c92303589026b9f10e165"
"136","36c397dbd6f544d9_adb5c5bc63384f7b_c3b3b23c17762633_cb714d0d214dc9dcca11dd00dee70075"
"137","a23aa822d40f28c8_adb5c5bc63384f7b_c3b3b23c17762633_9080806bcf6041aa684c0a1376ac100c"
"138","a8a469c533fb6023_adb5c5bc63384f7b_c3b3b23c17762633_7b3b71e5f02a0129e8b37cc8fabb002b"
"139","6094568a16795f5c_adb5c5bc63384f7b_c3b3b23c17762633_4a75e68c4440eb6b037f4f181a7f11eb"
"140","d767660d69d45599_adb5c5bc63384f7b_c3b3b23c17762633_4ac88c828f0bb62c5b8bcc4facd2e839"
"141","30c951ccb9442b39_adb5c5bc63384f7b_c3b3b23c17762633_0e567b8d13738965eec9a1b677658b34"
"142","7d31bd2bc41058ac_adb5c5bc63384f7b_c3b3b23c17762633_a2fd9e04967e80da9dc9a6f63ab5cb57"
"143","ccda9bd170f60777_adb5c5bc63384f7b_c3b3b23c17762633_7057da52772641cc6409ef691b311787"
"144","fb2167d279872103_adb5c5bc63384f7b_c3b3b23c17762633_d0de3e1c649a44a4b5a1ccf05a2e7200"
"145","734f48d5c79bbb43_adb5c5bc63384f7b_c3b3b23c17762633_ffe6cd0afc2d19f77ed1cfa8848c8c31"
"146","b742bbdd57d49319_adb5c5bc63384f7b_c3b3b23c17762633_c73f875234d3dabaaa563a9b6929e4c2"
"147","a389a68059f80c28_adb5c5bc63384f7b_c3b3b23c17762633_c39961fe0fd4a79d3e49512eb2571ac4"
"148","c55bc1976c8980fa_adb5c5bc63384f7b_c3b3b23c17762633_0e81cd15e3a46d5ec40a6efa6e344cb4"
"149","f450f78933871f59_adb5c5bc63384f7b_c3b3b23c17762633_bbb5e53eafa185ace1184c8a2079ecbe"
"150","3a46891c228aa4c3_adb5c5bc63384f7b_c3b3b23c17762633_7db2099242357ad4bbb51a1cee2ac241"
"151","589615d19ba058a1_adb5c5bc63384f7b_c3b3b23c17762633_1a05418fcc3c2d05f7a316ef327cc086"
"152","13058c3f2a514b0a_adb5c5bc63384f7b_c3b3b23c17762633_d3e6a5c14d14b797f7c3d84c62afdfae"
"153","481b9d90830d98af_adb5c5bc63384f7b_c3b3b23c17762633_4d1492ac319a2b3e2f84d2743179bf85"
"154","d95f1230c166cf65_adb5c5bc63384f7b_c3b3b23c17762633_9377cb118004ebdbe9dfa12094fc038e"
"155","d82b71285fb29093_adb5c5bc63384f7b_c3b3b23c17762633_82b7958ff86e294646cf38c689f9c559"
"156","02847d16dfb181d3_adb5c5bc63384f7b_c3b3b23c17762633_04481c44179626fbbd534b83efea0bae"
"157","bad7823c0ac18540_adb5c5bc63384f7b_c3b3b23c17762633_430cf8d52ba01de86ee64b0909ee81c1"
"158","49648630218adb43_adb5c5bc63384f7b_c3b3b23c17762633_47a6fcbcd3a7fd231fd1d74d3fbc06b5"
"159","133b9c10b15ba87c_adb5c5bc63384f7b_c3b3b23c17762633_fb3dca41d403941ac67af9a26fa17034"
"160","36f57b60dd4503c4_adb5c5bc63384f7b_c3b3b23c17762633_46226021770e9e147b9a61307e319c03"
"161","5acc1dd752d5faa6_adb5c5bc63384f7b_c3b3b23c17762633_18e50b45f815b323f095fb0917fe9e7e"
"162","647a30cdd9c98c23_adb5c5bc63384f7b_c3b3b23c17762633_051e04da9f7b81a21e445d937a129d53"
"163","b3d50d88abf0b5b9_adb5c5bc63384f7b_c3b3b23c17762633_61d66ac4d181acfa3841bbc5aff18fa2"
"164","5dca16d430205cf8_adb5c5bc63384f7b_c3b3b23c17762633_d8397afc8309d91f6e852b22e26464f0"
"165","2560dcdbc13304b6_adb5c5bc63384f7b_c3b3b23c17762633_3b7f9ce15dd511d8b18bb280577ad373"
"166","bd02f6455dcac8aa_adb5c5bc63384f7b_c3b3b23c17762633_461f0b17f50abf4b8eee2cbff47c7173"
"167","0464252ac95a8675_adb5c5bc63384f7b_c3b3b23c17762633_9486cd034116930ad1a701389765ff82"
"168","38fc1ad2f82a1438_adb5c5bc63384f7b_c3b3b23c17762633_8f09f90ea73e9c1bf1c66d8dc248aa26"
"169","ff12d889908d24dc_adb5c5bc63384f7b_c3b3b23c17762633_943ed1e395b020d021b08b8be4a52ce0"
"170","720932328c890377_adb5c5bc63384f7b_c3b3b23c17762633_f2a9a09254755009d212192eb1fe8fdc"
"171","07032d24cda8daf9_adb5c5bc63384f7b_c3b3b23c17762633_0d9c33a805ea53852cc1dfb0f76e57be"
"172","b0547a3ada0875a5_adb5c5bc63384f7b_c3b3b23c17762633_5e044f45472d62c61d5843b3e46b1254"
"173","00708c51451d40d9_adb5c5bc63384f7b_c3b3b23c17762633_070eeb2f3bf45c57f1bd7e47790e5fe2"
"174","2d1f063955f8ab5d_adb5c5bc63384f7b_c3b3b23c17762633_71e3d05e495dbd62e15172f11011e21c"
"175","7450c26213d7c145_adb5c5bc63384f7b_c3b3b23c17762633_c35a20bbffbae5624780e163ea987eeb"
"176","3c5768841908f91c_adb5c5bc63384f7b_c3b3b23c17762633_688a89f6567a9fcdccfaf9e20a6f4181"
"177","668f41819f446022_adb5c5bc63384f7b_c3b3b23c17762633_5e5325aa6c1c0c4e2db2f4392fc3ab5a"
"178","0b5c08196fc18b6d_adb5c5bc63384f7b_c3b3b23c17762633_0bd253165add3998bdbf2fe033044d9d"
"179","647a30cdd9c98c23_adb5c5bc63384f7b_c3b3b23c17762633_051e04da9f7b81a21e445d937a129d53"
"180","363720cc2033c6b8_adb5c5bc63384f7b_c3b3b23c17762633_b03d6841058a0cf7f68426517bbfb200"
"181","c5bdf7d2b0c85fbc_adb5c5bc63384f7b_c3b3b23c17762633_f450cc793881dd1515c3fff7e4310004"
"182","7026c61f55a49c85_adb5c5bc63384f7b_c3b3b23c17762633_666f1c848f2b541a6e23cdfcd44d76c8"
"183","9aabfbbbcf318636_adb5c5bc63384f7b_c3b3b23c17762633_d54efb44f4f84e7acd3189af1ecd27ff"
"184","7c3a41f7b760c75d_adb5c5bc63384f7b_c3b3b23c17762633_fb968f523353b7a76abd89f7a6b5ae0a"
"185","bbbfad7264a19842_adb5c5bc63384f7b_c3b3b23c17762633_0558cbfad19a54b0141d6dd128d34c4b"
"186","6bf9a2457a40433d_adb5c5bc63384f7b_c3b3b23c17762633_cb723a1a4858aa39b664977012ef53a8"
"187","9aa97aa2805714a0_adb5c5bc63384f7b_c3b3b23c17762633_de148c5a61067f1b16b57e747d1b6949"
"188","96664b67478f3839_adb5c5bc63384f7b_c3b3b23c17762633_14613c040a971ce18b36f20883bfc095"
"189","86307308f03f12f3_adb5c5bc63384f7b_c3b3b23c17762633_2ece6f38ee5518b78fd59870f9b6fea7"
"190","bf1a1d0a17322146_adb5c5bc63384f7b_c3b3b23c17762633_45cc86cad7b48210652f4e243cf0959c"
"191","d059dc1fa4ca0d7f_adb5c5bc63384f7b_c3b3b23c17762633_1a781c562567859a42e4c2f88e9a0ea1"
"192","0aaa271ad78caa35_adb5c5bc63384f7b_c3b3b23c17762633_1210bccdf111cefae3c361c9cd95489c"
"193","57435f0718a83313_adb5c5bc63384f7b_c3b3b23c17762633_1932e25611f1bd5a6ae2d5073c3ee8a0"
"194","199f5335dd918f6c_adb5c5bc63384f7b_c3b3b23c17762633_d265cf6ef10da14ddf7fe2976819da5a"
"195","13c02419b7353222_adb5c5bc63384f7b_c3b3b23c17762633_6de1f8a2cbadb889b172169c7c32e6ac"
"196","52b3226714971273_adb5c5bc63384f7b_c3b3b23c17762633_3f565346f3188408702633e85b4452aa"
"197","2a68b9a5d0f6d5d4_adb5c5bc63384f7b_c3b3b23c17762633_6907ad1edb917fd391ade0619fc9045d"
"198","a585d74b5a5d3303_adb5c5bc63384f7b_c3b3b23c17762633_008b70f656e2a0bd62fa4eb45420ac99"
"199","7b1bb0091c1b816b_adb5c5bc63384f7b_c3b3b23c17762633_41e249ee9d663f966b821ca6d6980296"
"200","2726d61df36076cd_adb5c5bc63384f7b_c3b3b23c17762633_818034ae76b08327c42bf5ae444ca078"
"201","665251cdd1152f4c_adb5c5bc63384f7b_c3b3b23c17762633_5d4af2fe8463ba0f62f959a88bb9dead"
"202","34817cdf92c49f57_adb5c5bc63384f7b_c3b3b23c17762633_367d0b7b93244719e36639be9d98d7c7"
"203","7d0d499f775a2da7_adb5c5bc63384f7b_c3b3b23c17762633_0e2f1e9d0624821fd003e4006b34d745"
"204","ab076c4807890827_adb5c5bc63384f7b_c3b3b23c17762633_be9fb8795a8cfcb7836a19ca74de51b8"
"205","ca57b7c6b5a289f6_adb5c5bc63384f7b_c3b3b23c17762633_56f4be46f0c73da3b59e72077f298a19"
"206","0a957a483bdc8d7a_adb5c5bc63384f7b_c3b3b23c17762633_5d96807560caff033d4cc59e0e58f489"
"207","1c11a7318c56bc79_adb5c5bc63384f7b_c3b3b23c17762633_9adf33cea2ba7487c9b13fb4fc000504"
"208","6093d9093fa69d0a_adb5c5bc63384f7b_c3b3b23c17762633_c6208aed64e1440d9e8f6f6687239cea"
"209","a99b12d6ff853265_adb5c5bc63384f7b_c3b3b23c17762633_21e36de5f90d8d92d39eb1df6a7cac08"
"210","f319340083a0b097_adb5c5bc63384f7b_c3b3b23c17762633_fdeae06f909192e300737de09963ed44"
"211","64b766b9204c37ff_adb5c5bc63384f7b_c3b3b23c17762633_1328b76098cbfa61f64cdf8a4b602cf0"
"212","97946bd5a85499a4_adb5c5bc63384f7b_c3b3b23c17762633_9d62e082e8ad40ab0749c5791ac844d9"
"213","616c2288ac9a452f_adb5c5bc63384f7b_c3b3b23c17762633_b4b9ed7bfb6ef1fae82a3d74ed9e399d"
"214","db690a4361c9dfb1_adb5c5bc63384f7b_c3b3b23c17762633_6f907997738da4f8539285e32d41e4f7"
"215","6f15b7ac4030dda4_adb5c5bc63384f7b_c3b3b23c17762633_568cf7a39918f0c62b6b5d6929cdc793"
"216","f678a10734b14720_adb5c5bc63384f7b_c3b3b23c17762633_336e8ee3413a56fbb2b65c33cfefac79"
"217","d8f6773786fcfd5b_adb5c5bc63384f7b_c3b3b23c17762633_f52228efad58f8df9e14119c466ae76f"
"218","f7f848bfc03594bb_adb5c5bc63384f7b_c3b3b23c17762633_735c642d50101c79c75197bb0ae59d7d"
"219","5b13fb1d7d4f0d5b_adb5c5bc63384f7b_c3b3b23c17762633_ca6db9859158ce88cdb68356b49da3fe"
"220","adf2172f87b975af_adb5c5bc63384f7b_c3b3b23c17762633_3fea9ad288f0922ceb7bea74b0186e1d"
"221","5da3fccf82cf6137_adb5c5bc63384f7b_c3b3b23c17762633_af58c800bc533d920c5ac5207af931ba"
"222","baa4cd3485d0c9f7_adb5c5bc63384f7b_c3b3b23c17762633_c1f0e9b8cdfeb9c9aa514c25f91d304f"
"223","8d656b9a1cc27391_adb5c5bc63384f7b_c3b3b23c17762633_d0b6f171eb8a9db73e7f6e6d6520263a"
"224","5af4ad2b4044bc04_adb5c5bc63384f7b_c3b3b23c17762633_302bc565644e4d4a466ea62c8f93fc49"
"225","7173072d11588f25_adb5c5bc63384f7b_c3b3b23c17762633_37f8fc9ace15d3cb1187576593af0622"
"226","b9f5d6267f030a91_adb5c5bc63384f7b_c3b3b23c17762633_d62cd50dd4a708aeb6caac21d81d1a1f"
"227","cb1d6afc189186f0_adb5c5bc63384f7b_c3b3b23c17762633_a37b4259debea9e43a99c2735c1a8ec6"
"228","d2aa308cb30d8732_adb5c5bc63384f7b_c3b3b23c17762633_a1f1120b314fbc9620b87f704bd9ec70"
"229","26c5bc68f25aa01c_adb5c5bc63384f7b_c3b3b23c17762633_88e67f522f5e170751554a24765918b1"
"230","893bc0da0cc19a3a_adb5c5bc63384f7b_c3b3b23c17762633_bf4b25a68c30cb9b94c67643db2a4c71"
"231","a7d9b9ac105c4fb0_adb5c5bc63384f7b_c3b3b23c17762633_1ec50fb3f6185bd90d1b989a0b222916"
"232","16553854cd1226b5_adb5c5bc63384f7b_c3b3b23c17762633_cfd5af7ad68c1b4dbe05cec35adf60b0"
"233","473cdfc5f799d46d_adb5c5bc63384f7b_c3b3b23c17762633_1dc8a93a98bedd3bd9b311bb24a976dc"
"234","92d3c770d36dcb2a_adb5c5bc63384f7b_c3b3b23c17762633_2723a4a8b3c94db37e4bab2d714f75da"
"235","d36f7b9636f514a9_adb5c5bc63384f7b_c3b3b23c17762633_7737c09e4e549d512ed76e28207ffcda"
"236","8591c800008889a3_adb5c5bc63384f7b_c3b3b23c17762633_2ee02ab52e2bb434f2a79b81f5778e9e"
"237","c0b45a01c140056c_adb5c5bc63384f7b_c3b3b23c17762633_3e7c9859dc081572818d54ddf00f3faf"
"238","899393f2d42a44c6_adb5c5bc63384f7b_c3b3b23c17762633_0c695c2f3559db743830cc0c73e8cc63"
"239","c717b9173b7f6c62_adb5c5bc63384f7b_c3b3b23c17762633_5e9c4c9a4a449863adfba5eaa9d564a2"
"240","822a47c76f5b3544_adb5c5bc63384f7b_c3b3b23c17762633_e2e7914dcd271705bca591bcef8ed8cc"
"241","2dfad4f61bf5070c_adb5c5bc63384f7b_c3b3b23c17762633_e70cdfd4c636ae099b256bcf80ce2e6a"
"242","5c10454a95b45479_adb5c5bc63384f7b_c3b3b23c17762633_fb4e3359e0544fca93f5bc2d6c4e483b"
"243","b462b43d5d8a53bd_adb5c5bc63384f7b_c3b3b23c17762633_3945a510e5e00630f780a40f0a9b27ea"
"244","8f41c260f4f10128_adb5c5bc63384f7b_c3b3b23c17762633_4fa5b5b979a857759a53f280cf33287c"
"245","9d054c3a64834735_adb5c5bc63384f7b_c3b3b23c17762633_d3181ba7656aabcd595277a24ef51613"
"246","1fbcdfc5cdd085ca_adb5c5bc63384f7b_c3b3b23c17762633_90b6db3c8d89d35cba6b869d672d67e2"
"247","7f63b49f54058287_adb5c5bc63384f7b_c3b3b23c17762633_2e973cc99e89f84cd5fe986d48d5cc66"
"248","b00382a9d170578a_adb5c5bc63384f7b_c3b3b23c17762633_be22e10449acb150a151a830a9c4a1c1"
"249","9170c3420d956284_adb5c5bc63384f7b_c3b3b23c17762633_a3fb1dfcea1588c14ed6c09ce5421f75"
"250","2b11cc3535202739_adb5c5bc63384f7b_c3b3b23c17762633_0080c21e129295b5d41659ffe82bd41b"
"251","10435aa924673fbd_adb5c5bc63384f7b_c3b3b23c17762633_ae5922daaf783e9e6ea63fe3f55299ca"
"252","98a5a97685bcc8a0_adb5c5bc63384f7b_c3b3b23c17762633_51094a8c654e80316434d8ade0839e62"
"253","6ba76873af18dacc_adb5c5bc63384f7b_c3b3b23c17762633_84068055537ed09ce95417e96e55dfcc"
"254","51607bc8b92412d8_adb5c5bc63384f7b_c3b3b23c17762633_8ec35745c19023979d12ec6c356e58d6"
"255","32845c392c81476f_adb5c5bc63384f7b_c3b3b23c17762633_4381ee8cf1b5317223be565efb3ad8a7"
"256","4bcd0aba1c98066f_adb5c5bc63384f7b_c3b3b23c17762633_e23805b7db7cfbf7280b74cf80a55096"
"257","b4b70c08a56a862f_adb5c5bc63384f7b_c3b3b23c17762633_f74a06508fd8fa8c723873cba6535e09"
"258","899782ddc22d4c1f_adb5c5bc63384f7b_c3b3b23c17762633_3c14b5756daf8445556439863c3c2352"
"259","a7864504781560b5_adb5c5bc63384f7b_c3b3b23c17762633_5ae09b02355c4efec9f6517294486c83"
"260","aa0520dd694684ab_adb5c5bc63384f7b_c3b3b23c17762633_8e79ec523b9c4293c0223a12074b55c1"
"261","f5a9db130a78c9ff_adb5c5bc63384f7b_c3b3b23c17762633_98becddfac90f3f211a31af6d93b3eca"
"262","b7741d9b96c4a044_adb5c5bc63384f7b_c3b3b23c17762633_ac9cc24b00fa8fc4b79e8040088a4ebf"
"263","5d09a6aa006754ba_adb5c5bc63384f7b_c3b3b23c17762633_dc408440e3da068c6e490261a0c76e08"
"264","4628a7bff8555cbc_adb5c5bc63384f7b_c3b3b23c17762633_b56e20bc4ebc16e67efc4279176af900"
"265","fdf74f7d277dda7b_adb5c5bc63384f7b_c3b3b23c17762633_8e4186fa44f44933041726fcefd7ac60"
"266","631121d865f3b427_adb5c5bc63384f7b_c3b3b23c17762633_dbe63849c97bad7f170ef0285a7dfab7"
"267","da2552f25a56fdc4_adb5c5bc63384f7b_c3b3b23c17762633_b4fb85d65fc20c54e234b9232c26497f"
"268","6319a024903bc8f2_adb5c5bc63384f7b_c3b3b23c17762633_b5224f4bbc43ca8ea2c18a44143ff37e"
"269","b93f7a4778a21a13_adb5c5bc63384f7b_c3b3b23c17762633_6ecd739d8dee487af0fbea8f8bf02719"
"270","7b01b2b59062ad3f_adb5c5bc63384f7b_c3b3b23c17762633_7f8b7c7113aaff398209b1df2084e482"
"271","8c043513416a32f6_adb5c5bc63384f7b_c3b3b23c17762633_5a51e91c55f3c10a0decaaa9a9a9ff0c"
"272","73407c2f521051d0_adb5c5bc63384f7b_c3b3b23c17762633_c4b662a2c3185bb23b3107c74b83f62d"
"273","6cd73a7b60151457_adb5c5bc63384f7b_c3b3b23c17762633_0670b8e03ca1b887896aed1bfd7cc685"
"274","0202a3f2a2494059_adb5c5bc63384f7b_c3b3b23c17762633_ed621dee7be5211d7565f60850a3b8d9"
"275","4cd07b01f12d94d0_adb5c5bc63384f7b_c3b3b23c17762633_b89225d4f2bb76c3a92cf307be700f91"
"276","ddd9b60a46100f29_adb5c5bc63384f7b_c3b3b23c17762633_12fcff59ec6f22ff3164d224ef01780f"
"277","764f31f471751b14_adb5c5bc63384f7b_c3b3b23c17762633_248f308c851f185a2b5211b3f8bc592d"
"278","a3108a4d7139b485_adb5c5bc63384f7b_c3b3b23c17762633_5db1bbd75f8d89530acea0640766adb2"
"279","448b9b206cab7f55_adb5c5bc63384f7b_c3b3b23c17762633_1da73ce5004a1f0405b258ab78c94a34"
"280","405bb72708d1a826_adb5c5bc63384f7b_c3b3b23c17762633_368a412a5b6cf8a17e9e55de53747b1a"
"281","f371c79ba8725ba8_adb5c5bc63384f7b_c3b3b23c17762633_a8d95ec2e8c7ad0404d8b68fb35b8b31"
"282","a7c7f1492d7b261c_adb5c5bc63384f7b_c3b3b23c17762633_1beb50a1867253d7fcd50354da69ce9b"
"283","94b81a1d49cdaadc_adb5c5bc63384f7b_c3b3b23c17762633_6a9f9d7143473bb6e5cb47853e3304a8"
"284","66f91b761ba01471_adb5c5bc63384f7b_c3b3b23c17762633_e61dc9968ff9247f15ff4d9e2dd7211e"
"285","2693550643c9d7a3_adb5c5bc63384f7b_c3b3b23c17762633_f3081db12d9992631b43313994dfd619"
"286","709a3c428fcb332c_adb5c5bc63384f7b_c3b3b23c17762633_8085d6531774b030344fa52f4ecdb87d"
"287","809ba234ddfa4d2a_adb5c5bc63384f7b_c3b3b23c17762633_47b4c84976c93298a6d2eee913fa358f"
"288","a787a91d2928b367_adb5c5bc63384f7b_c3b3b23c17762633_dce9e8e0d76c245cf4d86543237bc206"
"289","2750a28cbb7042fa_adb5c5bc63384f7b_c3b3b23c17762633_9897895c3010220053f40a807f75a80e"
"290","c154c2abcaa1dfc0_adb5c5bc63384f7b_c3b3b23c17762633_a730d53367a9f6f0e27d59c6aef6e797"
"291","1933b19c2ac26f31_adb5c5bc63384f7b_c3b3b23c17762633_48e56c407676f875a6848f7b816a6ddd"
"292","30f5fbd345a2f735_adb5c5bc63384f7b_c3b3b23c17762633_864095b6bcd80c2483c284026471ad93"
"293","8c2924449c095c37_adb5c5bc63384f7b_c3b3b23c17762633_83adbce67a6b38d83931cfbe0a2c625f"
"294","b77a08bdd4ff3fdf_adb5c5bc63384f7b_c3b3b23c17762633_4fe590b8b28b56a22ee389c54d1d8f43"
"295","f888cc9f5a593213_adb5c5bc63384f7b_c3b3b23c17762633_1330e97be9f8aa3a8378868d110d2882"
"296","313084d6f4d71419_adb5c5bc63384f7b_c3b3b23c17762633_3c019fb757b5039b729a10fffc090ce6"
"297","55890564910cc760_adb5c5bc63384f7b_c3b3b23c17762633_41eef7210694c5ca5e931c7d8ffa4a7c"
"298","8b3883f9a0021f04_adb5c5bc63384f7b_c3b3b23c17762633_dfd2e73ed2bacc553efb0c37293b4ac5"
"299","d6c7b8b39768d4b2_adb5c5bc63384f7b_c3b3b23c17762633_e46cd308c9de16373bac9ec2d4db29b4"
"300","b2f33520d39c208f_adb5c5bc63384f7b_c3b3b23c17762633_d697941b0a3551bbf3938f9e157efbfb"
"301","b4886507fa7f43a3_adb5c5bc63384f7b_c3b3b23c17762633_c283405f339862f8c617f89568c30a8d"
"302","68da64ddd4cfaf4b_adb5c5bc63384f7b_c3b3b23c17762633_98ec7e3e8fd06a8ddcb327261aaa8c93"
"303","022d136a8210b486_adb5c5bc63384f7b_c3b3b23c17762633_d8f285faf4eb5bfc9a26643282463f10"
"304","a823929faca37596_adb5c5bc63384f7b_c3b3b23c17762633_e339ae10c750d5c47f069c05e1e49385"
"305","7b38131dd5560927_adb5c5bc63384f7b_c3b3b23c17762633_25216eba5921a1d18659af49b04efec5"
"306","c08454fc42cb81b1_adb5c5bc63384f7b_c3b3b23c17762633_292755fb5b0c0c68ee1007fb9aba53c2"
"307","1f807388b5bc0090_adb5c5bc63384f7b_c3b3b23c17762633_aaec9583390e7d66d955d149bba328f6"
"308","4a24a2cf8a808dc4_adb5c5bc63384f7b_c3b3b23c17762633_75b8eb1df83c28d4b9d16b575a7c5ea4"
"309","5abb0bb2cccd239b_adb5c5bc63384f7b_c3b3b23c17762633_955d484b5664b5e7cf37aa1bd2336e45"
"310","cd30d902f87a52d3_adb5c5bc63384f7b_c3b3b23c17762633_c2d58fdabe2ab8dc18193cbf4b2ac111"
"311","27df5b22a0c4da68_adb5c5bc63384f7b_c3b3b23c17762633_c88a64453bca692fe6621a809ddd7da1"
"312","370da21a19c7c19a_adb5c5bc63384f7b_c3b3b23c17762633_637a95d7bae269fd4e62dfd11a337ff1"
"313","169c7fa7846d4369_adb5c5bc63384f7b_c3b3b23c17762633_4804449531d916cc7ae173aa412001f4"
"314","90a5875abd0800d0_adb5c5bc63384f7b_c3b3b23c17762633_0c15b93ebcd7b5445859b5fc2b21ea7a"
"315","1dd28d7927160384_adb5c5bc63384f7b_c3b3b23c17762633_017f3c0a71b1f11db2eca00394e4abff"
"316","4dcf6c33647a0c72_adb5c5bc63384f7b_c3b3b23c17762633_b1bec1d49094861c35874967bb3ec1ac"
"317","26d25f6d266d5461_adb5c5bc63384f7b_c3b3b23c17762633_b99e848adf2b114a1aced47dab9c3dd6"
"318","40030abbd2dfa3fc_adb5c5bc63384f7b_c3b3b23c17762633_36f0aca2d1c63f3c0c78c8a4f9eaf247"
"319","901736756aaf425a_adb5c5bc63384f7b_c3b3b23c17762633_3a9a3de48602f7b622ed08e401cf6b97"
"320","8cb90631f0598205_adb5c5bc63384f7b_c3b3b23c17762633_12183f51a9ad94c20851a0096b45f387"
"321","915aa6473b75df88_adb5c5bc63384f7b_c3b3b23c17762633_959a4f07880984c8826c83411c972e9d"
"322","cd04d6bcb3d33da8_adb5c5bc63384f7b_c3b3b23c17762633_42e36b1e6e026a9cbf73e55f873810c1"
"323","b3bcf371a189d5a6_adb5c5bc63384f7b_c3b3b23c17762633_3a0c24b15dc0418f892b0e8adea0cdad"
"324","ad040295092df32f_adb5c5bc63384f7b_c3b3b23c17762633_443619a524fea359b2e09437c2f0d63e"
"325","b85c951442a0a8f9_adb5c5bc63384f7b_c3b3b23c17762633_5faa4dc14d13877a4a6a3e2da6f0402e"
"326","c13a6132f242d9f9_adb5c5bc63384f7b_c3b3b23c17762633_6a1bde111a6fda9c849a716af07f0e4c"
"327","c4a839bb71126c9d_adb5c5bc63384f7b_c3b3b23c17762633_9f0877f962229d4652963b8baec03988"
"328","1a0da0698a491a7c_adb5c5bc63384f7b_c3b3b23c17762633_9ab273866916488c29736573da3eaa36"
"329","71841a1c558cab39_adb5c5bc63384f7b_c3b3b23c17762633_9768bc484b027b8eef3e4565c47a6bc7"
"330","040020b1d513a48f_adb5c5bc63384f7b_c3b3b23c17762633_8273d5faad068792cd22d9c479e156d1"
"331","6abda0a22f1967f2_adb5c5bc63384f7b_c3b3b23c17762633_c8f12a475d49781a98c2b335cefff9ed"
"332","77b4006461a8dcd0_adb5c5bc63384f7b_c3b3b23c17762633_de0faba6223db67c45c0bf259fdf9bc9"
"333","00ca579b869105d0_adb5c5bc63384f7b_c3b3b23c17762633_26260813b57cf4a511b546ff2f95d282"
"334","c77bb0a3d944c7dc_adb5c5bc63384f7b_c3b3b23c17762633_aabd355baa8cb44265afcdacf3a3bbbc"
"335","81551b91a502b0b1_adb5c5bc63384f7b_c3b3b23c17762633_a3c1673b582168512cdb69720261ff47"
"336","f0b15a58f2a02cf2_adb5c5bc63384f7b_c3b3b23c17762633_24d7c22af4faefb4881c5463e5ed9e5f"
"337","9a6ccf945d891525_adb5c5bc63384f7b_c3b3b23c17762633_39038c4657a832472bcd35bc4a2691fc"
"338","91a7a3103d156939_adb5c5bc63384f7b_c3b3b23c17762633_c0495b0cb4d80d4fa8d2ec27a1af9fa6"
"339","21a78d0067bbabb0_adb5c5bc63384f7b_c3b3b23c17762633_172c627ff3d8fa9c537f06e454d1bf5a"
"340","8046cfb722c1c31a_adb5c5bc63384f7b_c3b3b23c17762633_e43656afc682a27d8180e13aba993955"
"341","d562f68b5a9b505f_adb5c5bc63384f7b_c3b3b23c17762633_1bc90277a355b23b5a6cf376cf00d6fa"
"342","1cbf9c7f194ada99_adb5c5bc63384f7b_c3b3b23c17762633_4e524c079612ffebccba2631f1719fa6"
"343","89067d19d2c8695a_adb5c5bc63384f7b_c3b3b23c17762633_54f105613e09ecaafb889f6bb5905703"
"344","f7b97c07fd334f85_adb5c5bc63384f7b_c3b3b23c17762633_8136ace4ebc9a65d83972ce4f3ec02be"
"345","8fb017688b0cccc8_adb5c5bc63384f7b_c3b3b23c17762633_472bde673706e0d4682957265c3ace38"
"346","23164475a1d4a468_adb5c5bc63384f7b_c3b3b23c17762633_7b805512d513af1925cf9beb7376b985"
"347","8548b841a90b0228_adb5c5bc63384f7b_c3b3b23c17762633_ed69fd479938afac8cf11ea8f2fc0d95"
"348","660355b9afb80794_adb5c5bc63384f7b_c3b3b23c17762633_ee2fab1e6f1641ba640345281ef23d85"
"349","06afb717607350db_adb5c5bc63384f7b_c3b3b23c17762633_562a8e80fe7b4a07b6cb3a1b03396ba7"
"350","164bfc32162f526d_adb5c5bc63384f7b_c3b3b23c17762633_8d74a3302443dd06cd0bfc1f85e2b922"
"351","d16f177b563b6609_adb5c5bc63384f7b_c3b3b23c17762633_b1d330d17c09bd558c38e956a39b8772"
"352","d1fd17b4da4d242f_adb5c5bc63384f7b_c3b3b23c17762633_7a7579bb1d28148dd66598ef489b2bfc"
"353","68da64ddd4cfaf4b_adb5c5bc63384f7b_c3b3b23c17762633_98ec7e3e8fd06a8ddcb327261aaa8c93"
"354","b333fa5bbc70516c_adb5c5bc63384f7b_c3b3b23c17762633_6819a88f06d461e451c920394090c3e7"
"355","90f40111df363a29_adb5c5bc63384f7b_c3b3b23c17762633_4f383885a9a9c104bb0700002dc728e4"
"356","b969248f491063fd_adb5c5bc63384f7b_c3b3b23c17762633_daa3d372b13a8a32123ce29e8f301e98"
"357","dbc9d9d700471b82_adb5c5bc63384f7b_c3b3b23c17762633_ae9ba078ad7aa9aae5678aa220440c95"
"358","b5164aa34bfcbb13_adb5c5bc63384f7b_c3b3b23c17762633_6d97855e59aab24b87797a6ce5bee2d1"
"359","2f7fa73b6a4b6dfd_adb5c5bc63384f7b_c3b3b23c17762633_a84bb368a43d389d2f4dd1b892a6ffb6"
"360","90f40111df363a29_adb5c5bc63384f7b_c3b3b23c17762633_4f383885a9a9c104bb0700002dc728e4"
"361","5ac18972168f0b8b_adb5c5bc63384f7b_c3b3b23c17762633_7b99c3151dae3f1bfb7bbedb35e53b65"
"362","f7996154483f7b9a_adb5c5bc63384f7b_c3b3b23c17762633_50557f4b88247df25fea69015fdb8aa0"
"363","b440a33a5c2f3acb_adb5c5bc63384f7b_c3b3b23c17762633_c23d9cdfa3b9d8fa3d7d3d4ddcc9f674"
"364","dc729973af63393f_adb5c5bc63384f7b_c3b3b23c17762633_33d3ac4ae8d432a359eb28b38bbfeebd"
"365","f532747591368668_adb5c5bc63384f7b_c3b3b23c17762633_51b484d15a6b805235fe5821f83461d4"
"366","1f9a734d8a708405_adb5c5bc63384f7b_c3b3b23c17762633_262213e9d032822bd8f4e124a5da08a5"
"367","f5b009713aac97b3_adb5c5bc63384f7b_c3b3b23c17762633_b25b42ed094aba3e8f4ae70da8eeda66"
"368","a0c308c3f3bb33f2_adb5c5bc63384f7b_c3b3b23c17762633_39f65483ccb51e5dcd5639777aca1650"
"369","b4c4116cd39a060f_adb5c5bc63384f7b_c3b3b23c17762633_024845c2c9a3879fa59cf466b5fd9da9"
"370","c9802b76b16d34fc_adb5c5bc63384f7b_c3b3b23c17762633_90a7c1528753c5af3867190dc7adaef4"
"371","2cc30008066a0692_adb5c5bc63384f7b_c3b3b23c17762633_7e2cc0ece9f6cc694662305975bb74de"
"372","267627a716d5c8f1_adb5c5bc63384f7b_c3b3b23c17762633_5b961ab26c05bb96c456d906728ff698"
"373","469985986751891d_adb5c5bc63384f7b_c3b3b23c17762633_1a5be87fcc23ace9c41379787d739c53"
"374","6675289195c49cbf_adb5c5bc63384f7b_c3b3b23c17762633_f497d1890b5d23818257d3c2cfec7796"
"375","8d3482f8fa072146_adb5c5bc63384f7b_c3b3b23c17762633_dbabe4b9275502c3daa022c74e412c30"
"376","a573866faf9f6d4a_adb5c5bc63384f7b_c3b3b23c17762633_3a2a5ee3c75ff4726fa1bfd1a3f1959e"
"377","047af38a063d8719_adb5c5bc63384f7b_c3b3b23c17762633_c47fd9f8425f200a679f68ed8c51d962"
"378","2a80d6a80d586b04_adb5c5bc63384f7b_c3b3b23c17762633_e26faa658147eac72589a77551693812"
"379","df963775d4c3df46_adb5c5bc63384f7b_c3b3b23c17762633_e5f04590e880373b92d17e16e42af309"
"380","7b08c4f0f8db71b2_adb5c5bc63384f7b_c3b3b23c17762633_8fb19d56ff053b092fe49d365a16d0f1"
"381","8488d40b48614c3a_adb5c5bc63384f7b_c3b3b23c17762633_7773fc37e7ba782b2eae7f8721a5e343"
"382","06ad437ffa404664_adb5c5bc63384f7b_c3b3b23c17762633_6917ce35b3a757c6ed8b1afcab271cac"
"383","7dd3a3f8bddba8f2_adb5c5bc63384f7b_c3b3b23c17762633_8c922e2599826510435cd8c9e6d31a5e"
"384","2690cd6744fc61f2_adb5c5bc63384f7b_c3b3b23c17762633_0d33a51da3525dbd1649bee0959ac26c"
"385","af05d9cdb0ba0875_adb5c5bc63384f7b_c3b3b23c17762633_5aecad293a61d2eeb129f0747a5a5c6b"
"386","fa1d26572ba916ab_adb5c5bc63384f7b_c3b3b23c17762633_6c10a6d9aa13aa16ccf16466384739b8"
"387","84831df354bf045f_adb5c5bc63384f7b_c3b3b23c17762633_e18fce247ac6184f07d47b325a43ab42"
"388","a141ffb10b758a9d_adb5c5bc63384f7b_c3b3b23c17762633_b3537496c8c87f94272f8b560adad2fc"
"389","1252a78d7bf96037_adb5c5bc63384f7b_c3b3b23c17762633_d078b1a85158aec6e9ee08dab9a57ee2"
"390","b52ca6bf6b1bfc2f_adb5c5bc63384f7b_c3b3b23c17762633_5967e140308244f514d33de2bd8de81d"
"391","10a8a202a9aff79b_adb5c5bc63384f7b_c3b3b23c17762633_ede97a38226d3d9a4baf5e0b0e50315a"
"392","fb3fa6585d72632d_adb5c5bc63384f7b_c3b3b23c17762633_93a630672f3891bec71163fc11257c0d"
"393","fd3bda218b35c277_adb5c5bc63384f7b_c3b3b23c17762633_f4769b592715dbfe1a9644c9c30bbb05"
"394","da38f9fa23966857_adb5c5bc63384f7b_c3b3b23c17762633_12deed4a83603deb8d44389c118a8fbd"
"395","d044b4882104b60b_adb5c5bc63384f7b_c3b3b23c17762633_312d6a23d1ec2fcbfae3fa116e91b467"
"396","224d6adfd6cd5045_adb5c5bc63384f7b_c3b3b23c17762633_4a374daee79933da619aab705922c989"
"397","a3ab1fa1dda73d06_adb5c5bc63384f7b_c3b3b23c17762633_a787dd7a423c0d5e3967037217e3c42c"
"398","082fcb288b4b4640_adb5c5bc63384f7b_c3b3b23c17762633_3034b6d19de530136a56bf24303dc030"
"399","0300d00840ac853f_adb5c5bc63384f7b_c3b3b23c17762633_da16a554f049c5056fe11ac86a901da7"
"400","2824fbd5c81f88c2_adb5c5bc63384f7b_c3b3b23c17762633_73ac4f4d8c1e1246a704e83ee88e5913"
"401","06b4c0dc21328c71_adb5c5bc63384f7b_c3b3b23c17762633_79680a9cdecb9b0e641aefe7b6718735"
"402","1fabf83d6f8357fd_adb5c5bc63384f7b_c3b3b23c17762633_86abf6817f3dc36ab69ff721b47c9343"
"403","3af1d542cd075049_adb5c5bc63384f7b_c3b3b23c17762633_b4a44511a70bf81d8622c6aa686cf1a4"
"404","0240b007dc1f04c6_adb5c5bc63384f7b_c3b3b23c17762633_39dee140c5db19f1d97a1519d1c3a33f"
"405","1dd95b2bca74bfbf_adb5c5bc63384f7b_c3b3b23c17762633_acb5ae410fc474582be53071e949aa67"
"406","540467c0f74c8fa9_adb5c5bc63384f7b_c3b3b23c17762633_f6d5da8cc2606e338ec602f8beee1a68"
"407","567b24a385c7fb78_adb5c5bc63384f7b_c3b3b23c17762633_2f1ca03e72e035aa3d1b8570f2f29005"
"408","6484d43597fa1dbd_adb5c5bc63384f7b_c3b3b23c17762633_5c30bda0878a51dad24a9bba89db1760"
"409","143c0d6b11617d60_adb5c5bc63384f7b_c3b3b23c17762633_af8c6b3428ea7bd3452f6004932caffd"
"410","2ffdc3d772f274bf_adb5c5bc63384f7b_c3b3b23c17762633_78001457856682a0924d6019db90def5"
"411","2df883f2a0395213_adb5c5bc63384f7b_c3b3b23c17762633_5a83cea5b83514f39d569255e8000b09"
"412","aa0c52957b52d35b_adb5c5bc63384f7b_c3b3b23c17762633_5b5bde53ded25587af62e7545885a61b"
"413","f082a525901ca790_adb5c5bc63384f7b_c3b3b23c17762633_0bc4ed45ef94d29eb31c4b91c1f96708"
"414","271cf7d265b1ca1d_adb5c5bc63384f7b_c3b3b23c17762633_48b26dcf20d8e2165ed2db6aba37ea6b"
"415","168f42bdd9f04505_adb5c5bc63384f7b_c3b3b23c17762633_3430c07849baab0dd28b1105523bfc65"
"416","08155b907c9c3b27_adb5c5bc63384f7b_c3b3b23c17762633_8c5ad8a18043aa26e56a2b45948f111e"
"417","71ca7317c9702c74_adb5c5bc63384f7b_c3b3b23c17762633_e63dedfb2b7aca03d362cf714987e78c"
"418","b25c0867d22713b5_adb5c5bc63384f7b_c3b3b23c17762633_fde8287e02c5a5861c6dd92f3a85d29c"
"419","f3066f77ba9d043d_adb5c5bc63384f7b_c3b3b23c17762633_63ae1f353a1eb59feaf6a92c3717b2a3"
"420","7b1bc98f446ad866_adb5c5bc63384f7b_c3b3b23c17762633_fdded66b4ba9755571c1babe03d2eb33"
"421","5c0c7a03421bf738_adb5c5bc63384f7b_c3b3b23c17762633_4abe6b0133c44b30f9986a80b8e3fff9"
"422","a65d504cb4af4fc5_adb5c5bc63384f7b_c3b3b23c17762633_b55025dd15aa0a05741fd6aa2340e093"
"423","d29fcddf44d8b14f_adb5c5bc63384f7b_c3b3b23c17762633_d4dc8f9134e5bb56a8cc1ac20017f42e"
"424","5c0510031473290c_adb5c5bc63384f7b_c3b3b23c17762633_9b24119e3f73049db5f4c21a834062fb"
"425","6197628237c55d07_adb5c5bc63384f7b_c3b3b23c17762633_e7fd3ae5a13c056140697b2e57efbde7"
"426","d2682f86173c21c9_adb5c5bc63384f7b_c3b3b23c17762633_eb0947a4f0fda752e468fb05e54ed2f6"
"427","6184b5bdd6d87f54_adb5c5bc63384f7b_c3b3b23c17762633_65aba06b05e67bbec84dce43a173cc84"
"428","0185c80712267cdd_adb5c5bc63384f7b_c3b3b23c17762633_e2bc1edc8dce3a4698b9fe14d5b8f541"
"429","a7cf76bbd18552d4_adb5c5bc63384f7b_c3b3b23c17762633_da408124877c05b98455f037d193429c"
"430","f6a221af2027623a_adb5c5bc63384f7b_c3b3b23c17762633_ac97f6f4620adeb2c3e430e811daafaa"
"431","8cc359889c1df643_adb5c5bc63384f7b_c3b3b23c17762633_c91396c5ddbef0a8b5e84e9847a50716"
"432","c51c6146048894b2_adb5c5bc63384f7b_c3b3b23c17762633_fe4a1579f91468db72a290e9f0d3eaa6"
"433","3f36907f388bc54f_adb5c5bc63384f7b_c3b3b23c17762633_b6896f9a6641a03026663a01b29802c8"
"434","a2ad9a758a0f0c12_adb5c5bc63384f7b_c3b3b23c17762633_b363942a0e0f9e9d380f328e853727be"
"435","5d51f32b364400bd_adb5c5bc63384f7b_c3b3b23c17762633_4037f2c14a773483fd697a8d741021c4"
"436","653c0a5870dbb629_adb5c5bc63384f7b_c3b3b23c17762633_3e92179ab867393bd8957f6269da8c9e"
"437","f983a56754faa292_adb5c5bc63384f7b_c3b3b23c17762633_38fdc4f9463bf69d60ff30c77ae6fecb"
"438","ac2bd532775f26d1_adb5c5bc63384f7b_c3b3b23c17762633_f7c84adb9ebd2556aa165ce55ed9696a"
"439","f5b88f21693f366f_adb5c5bc63384f7b_c3b3b23c17762633_832bcc6565ce8bd9dc04309683939404"
"440","92762653c0918c6d_adb5c5bc63384f7b_c3b3b23c17762633_0572c40d661146b663c39d54916e7c51"
"441","d9f2c27c10d71539_adb5c5bc63384f7b_c3b3b23c17762633_37d305d080b3f765818dd2ed769457b6"
"442","5c2bf66753a9969c_adb5c5bc63384f7b_c3b3b23c17762633_380ce34a03699a80bbfb6da1d7cdb365"
"443","7c9f611cc17b9da5_adb5c5bc63384f7b_c3b3b23c17762633_88955a20995f0c3ee724a91b981aa385"
"444","caaad8bd26384122_adb5c5bc63384f7b_c3b3b23c17762633_f9fcfac5ab93c9c1419eff1de7bb788a"
"445","d9b537b832da63ff_adb5c5bc63384f7b_c3b3b23c17762633_c250221e7f7996f49efe473f3de61cbd"
"446","523473bc753c79db_adb5c5bc63384f7b_c3b3b23c17762633_ae1818f0892600805372518e145e430d"
"447","905b9cdc59f66fca_adb5c5bc63384f7b_c3b3b23c17762633_7e64de4d802598b9e2304d2a6967bd1b"
"448","3db1af4bdb79a083_adb5c5bc63384f7b_c3b3b23c17762633_a30a585532ce17d567b7e43a76532bcf"
"449","00b3498b0d8658fd_adb5c5bc63384f7b_c3b3b23c17762633_00648a39853ac5bc5d0db8cb5fb0b5de"
"450","ccacda0c024fdf6f_adb5c5bc63384f7b_c3b3b23c17762633_62f023648ca3b2fe3e5687c116d9dabe"
"451","3b8808fc8f3b5412_adb5c5bc63384f7b_c3b3b23c17762633_d2a9427775bac0a2086b5090c036285a"
"452","689f46bc47217c68_adb5c5bc63384f7b_c3b3b23c17762633_b8728ba11d1ad84098f534412d221cd9"
"453","8772f18cdd63a438_adb5c5bc63384f7b_c3b3b23c17762633_f6297fe8d5af03b50ff267758ce67bdb"
"454","a4778579475f6715_adb5c5bc63384f7b_c3b3b23c17762633_2da375bdcf830c8d9c077a31ce841dcc"
"455","d1240c832f09a8ad_adb5c5bc63384f7b_c3b3b23c17762633_267db0197bee00d4d9da91c464993e76"
"456","65a6699074727b82_adb5c5bc63384f7b_c3b3b23c17762633_f49d150759d6bc32123cc37dae3d8334"
"457","235c7dd23adb87b0_adb5c5bc63384f7b_c3b3b23c17762633_aead48ded7026d59174a7fb3474f5850"
"458","897b847d09136afa_adb5c5bc63384f7b_c3b3b23c17762633_52274e3ab491ce3e58478849643a228c"
"459","7bf78f6a36132c87_adb5c5bc63384f7b_c3b3b23c17762633_65e86fbcb4baec4a716261435af698be"
"460","6dabafb55201d12a_adb5c5bc63384f7b_c3b3b23c17762633_5594fdcdf6c8f09c928fdc571df503d8"
"461","45cd746a8c261cb0_adb5c5bc63384f7b_c3b3b23c17762633_138f2589b8da2b5e6a60433ba06eb53d"
"462","2a16a566000cca84_adb5c5bc63384f7b_c3b3b23c17762633_4dd08e3cb4e237e24f3cb13effd4e911"
"463","72a63f0b3bb586df_adb5c5bc63384f7b_c3b3b23c17762633_3b293cda9cd7e73437fe8338609c438a"
"464","f9646acd70fbdc94_adb5c5bc63384f7b_c3b3b23c17762633_65db19cbb69d7d7e4696ab0760a16b80"
"465","9920cb3016230b43_adb5c5bc63384f7b_c3b3b23c17762633_987544fa9373791990f3552413e41886"
"466","042d34d462d627ff_adb5c5bc63384f7b_c3b3b23c17762633_923f0515b382220065e18288f070447f"
"467","5033526cc61253c1_adb5c5bc63384f7b_c3b3b23c17762633_04f48adfea93d7e49c907a01fc2f213c"
"468","17767983bcf4ad01_adb5c5bc63384f7b_c3b3b23c17762633_acf9e11d2979b7efa8c4109a9203dab5"
"469","006f21bd537d8303_adb5c5bc63384f7b_c3b3b23c17762633_984477b9284bd9d63f8d6b754aefd14b"
"470","f77c7357c9f4d610_adb5c5bc63384f7b_c3b3b23c17762633_4ceea815c1e772664da1e77c6c3fc621"
"471","c8fab4ff4b82f211_adb5c5bc63384f7b_c3b3b23c17762633_a5d46ae947da51312a457871ee5a58cb"
"472","8da9658f257669c1_adb5c5bc63384f7b_c3b3b23c17762633_2274124739ca04035e95118dba775d90"
"473","4d040ccc42d0c441_adb5c5bc63384f7b_c3b3b23c17762633_0ce21dc188f6a758e88ce9c82bbed89b"
"474","b5cc0c0a818a3058_adb5c5bc63384f7b_c3b3b23c17762633_d06ccc58f0977d7d5e605e0afd7f2581"
"475","1d43302c255f9228_adb5c5bc63384f7b_c3b3b23c17762633_79683b380714d20400f28b8b6b1e575a"
"476","99c5bcab37933d7f_adb5c5bc63384f7b_c3b3b23c17762633_5ebade82729a1cabcac51850cb1fdd31"
"477","44793cac52263fc4_adb5c5bc63384f7b_c3b3b23c17762633_15837c5b62491a4e52437900597ffe22"
"478","47cfd303c806f86f_adb5c5bc63384f7b_c3b3b23c17762633_8c99fdb40e6a63c79fdc74d52e4f6b79"
"479","426987ab7350d05c_adb5c5bc63384f7b_c3b3b23c17762633_12ddb84887bc8650a1f724274adc5a1e"
"480","b37115f96c26f31f_adb5c5bc63384f7b_c3b3b23c17762633_b6673100eea534c588ce11be457433d4"
"481","c637f2460a904f76_adb5c5bc63384f7b_c3b3b23c17762633_618851d4b487d855a3600e000f19fd2a"
"482","3ff6838f5d7c1760_adb5c5bc63384f7b_c3b3b23c17762633_c0d49e9f54225b1a818e12a81a89d771"
"483","812720fb0b679082_adb5c5bc63384f7b_c3b3b23c17762633_1fdaea47609bd433bbffc8a96822e808"
"484","2cbfdb3ac91af79b_adb5c5bc63384f7b_c3b3b23c17762633_c8ea475ce8000669264afe9d9ee54175"
"485","9d2c25f38126dc97_adb5c5bc63384f7b_c3b3b23c17762633_653f804d2cfdc3a6aecf49b548a25ebe"
"486","038c2fad30a68326_adb5c5bc63384f7b_c3b3b23c17762633_af1def0723323e222a7bc5e3d998c49d"
"487","b50b84c02366d469_adb5c5bc63384f7b_c3b3b23c17762633_230b9d594377a72a938a0005710429d1"
"488","b054125da515d69d_adb5c5bc63384f7b_c3b3b23c17762633_e35670d33bf3760872395fcc51c1d540"
"489","adcba2df40645f07_adb5c5bc63384f7b_c3b3b23c17762633_53b47462e228b6a7194ea23ce8d81271"
"490","dd618490a30c9201_adb5c5bc63384f7b_c3b3b23c17762633_50dbe0b75122c99204112ae5b6741913"
"491","f69b1d3940ba6c2a_adb5c5bc63384f7b_c3b3b23c17762633_d674c92606d7c602f51b6e3b1378acbb"
"492","45bbb11bb49b8bc6_adb5c5bc63384f7b_c3b3b23c17762633_504bf292c917392fdf5b482f0cc0cb54"
"493","5a8405faa9f92635_adb5c5bc63384f7b_c3b3b23c17762633_cad48e4c3867f2b97d5adcb644181d78"
"494","9d159f06fa5fb629_adb5c5bc63384f7b_c3b3b23c17762633_21365b2755de38c0c9e259f8e718ddc5"
"495","cc3d4779d2bbf18b_adb5c5bc63384f7b_c3b3b23c17762633_7eec5a1bf51549b99c10ce0d3349d8ec"
"496","01b28f9c0736674f_adb5c5bc63384f7b_c3b3b23c17762633_e676cfe4f2b8f507de1565c349dc8da4"
"497","1d2b512203ff9332_adb5c5bc63384f7b_c3b3b23c17762633_1a12943b9a4dc7b2382f8a547c4ba884"
"498","023f4d96379d9016_adb5c5bc63384f7b_c3b3b23c17762633_6571b378fd53a0a0923e6a6f78e530f1"
"499","9156cb652504c1c2_adb5c5bc63384f7b_c3b3b23c17762633_7c838953ccf6a0d4c2e12da4e9aad044"
"500","f366cc89180b0b0c_adb5c5bc63384f7b_c3b3b23c17762633_b2ece6a82d6b1788d91d4da803f01f55"
"501","779a65d29d82a21c_adb5c5bc63384f7b_c3b3b23c17762633_8979f4484bec4e321c31c0192dd7a133"
"502","f720bd57d7b98993_adb5c5bc63384f7b_c3b3b23c17762633_12e630f1fa4db08e64881455f6a6c2ff"
"503","8825220f8fa62a73_adb5c5bc63384f7b_c3b3b23c17762633_3d3c9e652d32c79afa126dfea7bab6b9"
"504","acd4d17a8c66ba62_adb5c5bc63384f7b_c3b3b23c17762633_e4a25e2404db656d96298e73535efb51"
"505","52104c2d28836f63_adb5c5bc63384f7b_c3b3b23c17762633_e34bae469d9ed06ed23b118ce8a817c1"
"506","b6978926c47bca4b_adb5c5bc63384f7b_c3b3b23c17762633_51e60aa481da807b7ce5a0544addd7aa"
"507","b6a37f5d3b45f6a8_adb5c5bc63384f7b_c3b3b23c17762633_5a89ae7f454d9afaea1ec85d107f5a43"
"508","158f622098fbd461_adb5c5bc63384f7b_c3b3b23c17762633_36bedd9ce292488348e23c11bbddaba8"
"509","fd89bbf2d968181f_adb5c5bc63384f7b_c3b3b23c17762633_8fbf6e99524b8a1b8273cb9ec6870408"
"510","d2dbdd90fa17d11c_adb5c5bc63384f7b_c3b3b23c17762633_83a14be28837cc6afefb84ea307e816a"
"511","8dd925a95a1f0646_adb5c5bc63384f7b_c3b3b23c17762633_c39c7c1dded805f499817c99920657b8"
"512","b346bd220bc6fbc9_adb5c5bc63384f7b_c3b3b23c17762633_ab94c371b0cd292c480943bde8b85ccb"
"513","8d96fa206cb91815_adb5c5bc63384f7b_c3b3b23c17762633_61af5a2cccc237955198fe1b6b763baf"
"514","6d5a19b1366a7350_adb5c5bc63384f7b_c3b3b23c17762633_f3b251990c98f281e9969d6bd7fbe5c6"
"515","72072c7fb4aabfa2_adb5c5bc63384f7b_c3b3b23c17762633_d2f5dad5e6eba7efaa8b037e788b80f1"
"516","3d14779c90248429_adb5c5bc63384f7b_c3b3b23c17762633_f9c286a6d6398e43ea36ec12599d987f"
"517","fb4cc698010812d6_adb5c5bc63384f7b_c3b3b23c17762633_09cc7fe27d40fd0c2a7143f50321a895"
"518","a79d69675c082238_adb5c5bc63384f7b_c3b3b23c17762633_5d0a10b09f7bf8cff333717362262950"
"519","6624b685adaf2661_adb5c5bc63384f7b_c3b3b23c17762633_f1427adcf1deafd46494e98862e02a2b"
"520","f98f5f3dba0fd3f3_adb5c5bc63384f7b_c3b3b23c17762633_b486790d9793f6ceb68ab3d4b37b67cb"
"521","3dd874a788f62046_adb5c5bc63384f7b_c3b3b23c17762633_aa464c3b01d91ecb25329c82b449dfcf"
"522","fb668cac94814a24_adb5c5bc63384f7b_c3b3b23c17762633_38707bcdff051a4a9c96692c6c68e424"
"523","bfff1db3426b62fa_adb5c5bc63384f7b_c3b3b23c17762633_18e5dd67dda71fcf708a6493eeb32554"
"524","7ad6498b929b758a_adb5c5bc63384f7b_c3b3b23c17762633_c067e397cf25cd0ee80f0819d39b78cc"
"525","350375c617a794f7_adb5c5bc63384f7b_c3b3b23c17762633_3fbc784740882d64ee95208709a9f156"
"526","ad2aa36f00d539a9_adb5c5bc63384f7b_c3b3b23c17762633_d43c938d4a9af679542e88c3d061680e"
"527","6c45c977a1b78927_adb5c5bc63384f7b_c3b3b23c17762633_ab8d64e9cf81044a32623470abc658db"
"528","399c5abc5d75561a_adb5c5bc63384f7b_c3b3b23c17762633_9c12a3ef3b6d5fd2f5e4168e36f9aa84"
"529","04b5ddb1b0211164_adb5c5bc63384f7b_c3b3b23c17762633_6cc2c4beb34fe278dbe417f6ab40d808"
"530","dc4db701f3142910_adb5c5bc63384f7b_c3b3b23c17762633_4f2e91d7bca4cf91882ec9e066f6c282"
"531","487131a14453df89_adb5c5bc63384f7b_c3b3b23c17762633_d79fb444399410deafb83b3acb9e4129"
"532","d01adb6bd30a521d_adb5c5bc63384f7b_c3b3b23c17762633_e2ad7a24a8e59d94769ee997cf159708"
"533","c90c4b64fa92333a_adb5c5bc63384f7b_c3b3b23c17762633_7750e0a3b5da7ab8c25e79220999e968"
"534","874d1682b1b2c13f_adb5c5bc63384f7b_c3b3b23c17762633_b226b87d73a9f7860b56578eab184e21"
"535","f3d55a04c1c743bc_adb5c5bc63384f7b_c3b3b23c17762633_5634e65eb591cf8b1dba3ee6bfd98a11"
"536","3a3a086b9b74d618_adb5c5bc63384f7b_c3b3b23c17762633_67c066c818f8d73f1e51df9be0a67e60"
"537","1696c9192423b356_adb5c5bc63384f7b_c3b3b23c17762633_f94746023a234b7daf1e2ade9b5c3bff"
"538","737c01ac5330fb75_829086fc34bb1bb7_cdfb3c72990c54cd_9cbaec41a6946b097ecf5658d9052bab"
"539","c146993f38fcc6b0_829086fc34bb1bb7_cdfb3c72990c54cd_03a02a4229a82dc0a58adb20c6a58514"
"540","1030f9949f66718f_829086fc34bb1bb7_cdfb3c72990c54cd_c46f575960809d0f4e7542da2d854bb1"
"541","29d624459a59d9bc_829086fc34bb1bb7_cdfb3c72990c54cd_d41e02e593e06adbfa337d58f2cde29f"
"542","76758d72ad06f01d_829086fc34bb1bb7_cdfb3c72990c54cd_963d2dafb6520c4251aba7f82daba547"
"543","c61f212f2ff698f4_829086fc34bb1bb7_cdfb3c72990c54cd_db9f3028b4659e0514aeee47fbd4c165"
"544","13653127a4bb6734_829086fc34bb1bb7_cdfb3c72990c54cd_8a8975ebec1036284d6ef39f32e197aa"
"545","41386d68df292f60_829086fc34bb1bb7_cdfb3c72990c54cd_8abfbd201e75b28d958f71cb73c05f5e"
"546","30fabf7ff00b43d6_829086fc34bb1bb7_cdfb3c72990c54cd_87d321ab115b5f0f39ba91e435659e56"
"547","bb7d2112f7f8833a_829086fc34bb1bb7_cdfb3c72990c54cd_c0509ede4ddb5ce72dc73ba45516815a"
"548","33159a3d778b307c_829086fc34bb1bb7_cdfb3c72990c54cd_48de1e28e4cd19ab5b5809a1a7730a31"
"549","8c328f550715fd4c_829086fc34bb1bb7_cdfb3c72990c54cd_dd39123f76b9fa942fc051d2382e231c"
"550","3d1137b7d3316129_829086fc34bb1bb7_cdfb3c72990c54cd_f55f78a5dcb485f0cb7aa327a26583a6"
"551","ff95450587561f74_829086fc34bb1bb7_cdfb3c72990c54cd_5d2717db5cb8629f16ace563d40c1097"
"552","31fb93d03d5f6a13_829086fc34bb1bb7_cdfb3c72990c54cd_be90ef6d73c61bcbd6eaba957b000e88"
"553","dc01b55b080486b2_829086fc34bb1bb7_cdfb3c72990c54cd_cda117b647826a50da96d7354ec498e7"
"554","ff68235dbd62412d_829086fc34bb1bb7_cdfb3c72990c54cd_fc0b16557b2d65953f02c9ebea0d18ae"
"555","645dd92c94ba83fc_829086fc34bb1bb7_cdfb3c72990c54cd_76de1498a02989ea832ac095d3f2f1aa"
"556","9c43821712b08584_829086fc34bb1bb7_cdfb3c72990c54cd_0310f13beca9279bfbb8eadabe1e8095"
"557","fdd4fd42863d172c_829086fc34bb1bb7_cdfb3c72990c54cd_68089506668017b2a3467ff8bdad7376"
"558","1065655b2ba5d291_829086fc34bb1bb7_cdfb3c72990c54cd_7e1dbb8cd09672fbd69d1e68b95dd338"
"559","672f700f376d517b_829086fc34bb1bb7_cdfb3c72990c54cd_160d65121949609da5820102a8b95554"
"560","40d70d548ccf1087_829086fc34bb1bb7_cdfb3c72990c54cd_28081aabcf01150372441ff625110ee2"
"561","5bb4a85d1b7f2d11_829086fc34bb1bb7_cdfb3c72990c54cd_d9829928481294687ddb5f98efeec3fb"
"562","15773b38984645d5_829086fc34bb1bb7_cdfb3c72990c54cd_9748e5c6a66f65205c31e36279ca4898"
"563","0591973d88139143_829086fc34bb1bb7_cdfb3c72990c54cd_34ee48ae15c1f59b449b26fa6f8d8fe8"
"564","03c90538323bbabf_829086fc34bb1bb7_cdfb3c72990c54cd_e44aa41c5d52e49d847f973760c4f77f"
"565","7dd0dff1c4174660_829086fc34bb1bb7_cdfb3c72990c54cd_b8c2515700bf3d6846915adcc80d4a30"
"566","65cc6773a0085d0a_829086fc34bb1bb7_cdfb3c72990c54cd_a4ceff6613c79c0f5828e9e15bafcf89"
"567","64070b76d8a5263b_829086fc34bb1bb7_cdfb3c72990c54cd_135c5d24f579273912abdd93369ee447"
"568","da39b5855c795312_829086fc34bb1bb7_cdfb3c72990c54cd_053cfe4898f8171419a34ec6c5d456c1"
"569","f084362d4650b839_829086fc34bb1bb7_cdfb3c72990c54cd_fc8daf7c73ecea34b5f1568336923414"
"570","1a9228c155938c81_829086fc34bb1bb7_cdfb3c72990c54cd_8c0c9bf08139060522f5988f3ff7316b"
"571","694b41d4a11bcc39_829086fc34bb1bb7_cdfb3c72990c54cd_749f0b718f76290331a64140de976a91"
"572","2fd68c139a53b923_829086fc34bb1bb7_cdfb3c72990c54cd_c11a826c2021c543677d8f9e9c83012f"
"573","887ff638586bb348_829086fc34bb1bb7_cdfb3c72990c54cd_3b98db3e79e20e4b38f97e8c0958b082"
"574","375a33a660096392_829086fc34bb1bb7_cdfb3c72990c54cd_a936626bcb96c199630f8a715b7bd2f2"
"575","57a46327b91b11aa_829086fc34bb1bb7_cdfb3c72990c54cd_a694eef3829f4031f7f54b5290eddb11"
"576","c5453cfad898c46f_829086fc34bb1bb7_cdfb3c72990c54cd_17156537523b4481e689deda1b989c14"
"577","fd9263955f350cbd_829086fc34bb1bb7_cdfb3c72990c54cd_23ea0cf8e469f5f825c3738af30eb547"
"578","c27c883989d442fd_829086fc34bb1bb7_cdfb3c72990c54cd_9dff78cb3f9528e6dea955688031bbcb"
"579","d37d0962c06d535f_829086fc34bb1bb7_cdfb3c72990c54cd_b094f647cb9b4011f5a6493f524e5141"
"580","bc03c137166d0244_829086fc34bb1bb7_cdfb3c72990c54cd_b79561cfcd77655e195f5cbad91b8c10"
"581","3188f18886287cb6_829086fc34bb1bb7_cdfb3c72990c54cd_2b1c6b0d7b7fbce67bc006bbe7bbdeaf"
"582","092594245adf1d06_829086fc34bb1bb7_cdfb3c72990c54cd_8efa11d3034cda5211c066c035088974"
"583","4a5adcddf384785a_829086fc34bb1bb7_cdfb3c72990c54cd_f3b6c3eed259cf527ade86eb0a677213"
"584","4b377b21c278572d_829086fc34bb1bb7_cdfb3c72990c54cd_80e1559cfdaed30e4f7784ab037e3c46"
"585","01b2ca2878949588_829086fc34bb1bb7_cdfb3c72990c54cd_e668291595e7c902d421565d3bc104e1"
"586","daafc905190b930b_829086fc34bb1bb7_cdfb3c72990c54cd_a06c423f12345eeb709e644409f1018f"
"587","fc8f82fc8195dd3c_829086fc34bb1bb7_cdfb3c72990c54cd_4e6fb6ca1dc1e0cf550203f3cd4f539a"
"588","9aa01f49455280f2_829086fc34bb1bb7_cdfb3c72990c54cd_269b2a48653441b81009414b6a46c8be"
"589","9d74d400aa3336c3_829086fc34bb1bb7_cdfb3c72990c54cd_c3eeb50e6ec638f5798fdb06c2878550"
"590","c7d0909d8978db3f_829086fc34bb1bb7_cdfb3c72990c54cd_784ea2f2cdf616a57196ef40afed0327"
"591","d9c4ca45ddf1af65_829086fc34bb1bb7_cdfb3c72990c54cd_e4d86bcf1b1dbf4e59d8e313f258c566"
"592","c31a2a981c52c558_829086fc34bb1bb7_cdfb3c72990c54cd_83c8f79a95d50457f6be77a55f8a0fa8"
"593","0372624db13908d7_829086fc34bb1bb7_cdfb3c72990c54cd_f6ab432ee5d189cf232eea8268b03247"
"594","b89bd45066a404f3_829086fc34bb1bb7_cdfb3c72990c54cd_8344872aca113f90f79f0fd769381a45"
"595","5635739cb82102c2_829086fc34bb1bb7_cdfb3c72990c54cd_847b13c13736ac69e141fd59fb2ecf85"
"596","284c9b49fdf7a31f_829086fc34bb1bb7_cdfb3c72990c54cd_5670ede993a503675969073436dfa778"
"597","df5b17a0ab3bd856_829086fc34bb1bb7_cdfb3c72990c54cd_221f400296b59e206f43acbfdff9f4c4"
"598","db720c0463a79ad3_829086fc34bb1bb7_cdfb3c72990c54cd_adde8d3f42d0e233a7870bf625944369"
"599","134726d39d05d1d9_829086fc34bb1bb7_cdfb3c72990c54cd_0595857417e09b8f366d28794c59db60"
"600","1a2b235af6fa408a_829086fc34bb1bb7_cdfb3c72990c54cd_116cdd6cbe7d5705548a25f4e5525b43"
"601","dda246c860a7c258_829086fc34bb1bb7_cdfb3c72990c54cd_a98f32d8f8e7260a394579aa4de3add2"
"602","5cfbffb4d1c398c5_829086fc34bb1bb7_cdfb3c72990c54cd_e862b4e964dbc4c56a1a2e9eaf9414b2"
"603","3dc8b4c793242a32_829086fc34bb1bb7_cdfb3c72990c54cd_8b1f610dfdd0bfab8a55dee0178acaff"
"604","6657a33468f0b26f_829086fc34bb1bb7_cdfb3c72990c54cd_4f7a54e6d727037b7b6ff021ce4c83c6"
"605","3a4c93637a6f48d6_829086fc34bb1bb7_cdfb3c72990c54cd_0a0b3fb00bfe9839895eec89ee6bac31"
"606","147523cf801ad8a6_829086fc34bb1bb7_cdfb3c72990c54cd_c399636bbc07369d61e474ed5333a278"
"607","ad00fbcd4bd1c95d_829086fc34bb1bb7_cdfb3c72990c54cd_06f353b6104fdf373443f78f302008e9"
"608","93c8c5f877710d75_829086fc34bb1bb7_cdfb3c72990c54cd_1e157fd3180c88721b14949c03ae3fb7"
"609","3a246ab5098a09b9_829086fc34bb1bb7_cdfb3c72990c54cd_cfa890aaa6dac87c254e071ef1f8d94d"
"610","000f4050917c3250_829086fc34bb1bb7_cdfb3c72990c54cd_0eecdcd6512b600e1e11454198362487"
"611","321fff7fa3728f15_829086fc34bb1bb7_cdfb3c72990c54cd_3e719435cb425334a950226c6eb2de0e"
"612","bfdf2139a55165b6_829086fc34bb1bb7_cdfb3c72990c54cd_69cab8ba1a4d372d95d145b792befd6d"
"613","13a4c66df4f1f485_829086fc34bb1bb7_cdfb3c72990c54cd_771445701164742b4de27e3427c4fde5"
"614","25f915fba16b66b4_829086fc34bb1bb7_cdfb3c72990c54cd_b9f58d447b4eac18f36a5912415084a6"
"615","1fb76c6179c7b609_829086fc34bb1bb7_cdfb3c72990c54cd_434743adde004d746ba02474a8c0d381"
"616","5ac7540b9ffa2f00_829086fc34bb1bb7_cdfb3c72990c54cd_79f5c41b5e576d61fb0f06ccb1cacaa3"
"617","02bbb708c0067d7a_829086fc34bb1bb7_cdfb3c72990c54cd_955eab2664dfdc5eb4be43df7e2d60e2"
"618","2fc5f252f5d52a64_829086fc34bb1bb7_cdfb3c72990c54cd_147110dbdc8aa48c06ea9a07d0766316"
"619","98f10075d51ddb00_829086fc34bb1bb7_cdfb3c72990c54cd_18763e38abf97e3b2e80c01a4ab484db"
"620","45bd7a389136f58c_829086fc34bb1bb7_cdfb3c72990c54cd_68d246e4e4707ae6f4e1c0b1e39c70fc"
"621","bf93749779df7435_829086fc34bb1bb7_cdfb3c72990c54cd_fdc4ad05774edb1dacc6c5dbae5fbd38"
"622","32b23989c9f65ac7_829086fc34bb1bb7_cdfb3c72990c54cd_43fbd0437d3be804557f4bfb0d066be7"
"623","501c4d1231cf0786_829086fc34bb1bb7_cdfb3c72990c54cd_0028ee31af7b141b35f5a9f605077497"
"624","7b3324f1c51ffc5b_829086fc34bb1bb7_cdfb3c72990c54cd_9c0a7973f40df963e53262aa85b8877b"
"625","4a03a615a3dfb81c_829086fc34bb1bb7_cdfb3c72990c54cd_8bed26c079bfd4ee390d0a4308d7c320"
"626","09903430b211c02b_829086fc34bb1bb7_cdfb3c72990c54cd_473622b9623f6e70b0de987dd5d4f9c3"
"627","42748c4c6af74f4b_829086fc34bb1bb7_cdfb3c72990c54cd_ea646eb553fba76f843c9eb0329e8203"
"628","11d74b33a2c6b597_829086fc34bb1bb7_cdfb3c72990c54cd_a18d976cbb5322d8a4202e767b289b0e"
"629","290a44306d3a7076_829086fc34bb1bb7_cdfb3c72990c54cd_621582588f6655c65836f8fd8d6251a7"
"630","f441d4337960b825_829086fc34bb1bb7_cdfb3c72990c54cd_3da6abeda15ff8dcf5b54cab91e1cec3"
"631","4a8d6767124b6b08_829086fc34bb1bb7_cdfb3c72990c54cd_614d4d1672eee9d64c3407a746d7513f"
"632","23313ad72b0fa82d_829086fc34bb1bb7_cdfb3c72990c54cd_198d5273bac15099f1eecab625ff767c"
"633","4390cd57dd68abcf_829086fc34bb1bb7_cdfb3c72990c54cd_b8b97e49cdcf75411a289ec496d6332b"
"634","d71ac3d92a409ffa_829086fc34bb1bb7_cdfb3c72990c54cd_dcfd73bce3e60a527457ac4529dd5d16"
"635","43a5db3d09acbca7_829086fc34bb1bb7_cdfb3c72990c54cd_aba8628660304eca4f2974d6ec4d1df4"
"636","71f4456c70d50611_829086fc34bb1bb7_cdfb3c72990c54cd_7ef9ce5ec433eabda04cfdacf7f30575"
"637","d2528560cabb0651_829086fc34bb1bb7_cdfb3c72990c54cd_46a1778b8c9e955398b5e2abdcabccbe"
"638","5a9342c0133487ca_829086fc34bb1bb7_cdfb3c72990c54cd_775ee703f1d9ba9a99882dddd654ad2d"
"639","c08430b6a36f6484_829086fc34bb1bb7_cdfb3c72990c54cd_d1a3b4bb4766655502796912b7e8b5cc"
"640","962cb138c6da17ad_829086fc34bb1bb7_cdfb3c72990c54cd_9eda0f574a93359db311506e69803842"
"641","7996214dc447218c_829086fc34bb1bb7_cdfb3c72990c54cd_daf7ae5e5d3b557d3797e6443bec72a5"
"642","2179f8c45117d0a0_829086fc34bb1bb7_cdfb3c72990c54cd_cbc8e2a3bb27b02c1b1094f050275310"
"643","aa3a2340378b2fd2_829086fc34bb1bb7_cdfb3c72990c54cd_97356c61cfb2f88ae319db7fe7177a51"
"644","6d97269a82157564_829086fc34bb1bb7_cdfb3c72990c54cd_e8e6743272225599e010b4677db71ce9"
"645","26f76fd6b276237d_829086fc34bb1bb7_cdfb3c72990c54cd_7611037faf36c4ccdd32a4248153c6c3"
"646","2091153c0d66495a_829086fc34bb1bb7_cdfb3c72990c54cd_e88a2eb9ac5a1ba034ea76d8dad14aa8"
"647","1549d7cc9887f6db_829086fc34bb1bb7_cdfb3c72990c54cd_fa00cd7f59fc341cc7cf4407d261ff1e"
"648","9678d697b56b2ac3_829086fc34bb1bb7_cdfb3c72990c54cd_1157af46da5e9883bea486e0a9a0cf6c"
"649","10f58f35770d2829_829086fc34bb1bb7_cdfb3c72990c54cd_fc1473393a859a4f264039ce39a00043"
"650","8aac2dc5dd811faa_829086fc34bb1bb7_cdfb3c72990c54cd_636a543c2b53129dedcd63d64e1d7693"
"651","17bc8b8c51f5ca30_829086fc34bb1bb7_cdfb3c72990c54cd_2a91b51540c5c0324706023fb5391956"
"652","3f6f88880508b60b_829086fc34bb1bb7_cdfb3c72990c54cd_ea00de4432617e98132d03cedbcabc86"
"653","bd9fb16218cf8040_829086fc34bb1bb7_cdfb3c72990c54cd_2a74f28a6b014347dfb814966d1b039b"
"654","014a0c13f246a8ff_829086fc34bb1bb7_cdfb3c72990c54cd_d8879dfef2b2d4d9cf891f33b35e4790"
"655","902151fdd95fa474_829086fc34bb1bb7_cdfb3c72990c54cd_a3915bc090a467c42cf38ba16789228e"
"656","844928abadd7f8c8_829086fc34bb1bb7_cdfb3c72990c54cd_e25008becc9a0817d9ca5eccfd7b574e"
"657","1c3fcd3d164609dd_829086fc34bb1bb7_cdfb3c72990c54cd_df1d77e24ebe3e96ecf6d6c7db248535"
"658","290a44306d3a7076_829086fc34bb1bb7_cdfb3c72990c54cd_621582588f6655c65836f8fd8d6251a7"
"659","bb30c47d47b34583_829086fc34bb1bb7_cdfb3c72990c54cd_8376bc2b74aa6a54a0eb6abe8d2d2349"
"660","8a6c0b57824846aa_829086fc34bb1bb7_cdfb3c72990c54cd_604afdef14ed73fbed35f6cb97835588"
"661","39775d86ac8a1694_829086fc34bb1bb7_cdfb3c72990c54cd_eb2c0c201b3a9bbb4fe509a0f728f3b7"
"662","2135c885a6052b43_829086fc34bb1bb7_cdfb3c72990c54cd_714771e0f09be03ecae232cd91d9f4e1"
"663","84a077541077b24b_829086fc34bb1bb7_cdfb3c72990c54cd_f0029cdbcff3f082e554b5a5013e9233"
"664","1c3fcd3d164609dd_829086fc34bb1bb7_cdfb3c72990c54cd_df1d77e24ebe3e96ecf6d6c7db248535"
"665","9291ad8c72f0c488_829086fc34bb1bb7_cdfb3c72990c54cd_13fa270edb6980dc2366f56ea708f79d"
"666","663b46f693f74b6a_829086fc34bb1bb7_cdfb3c72990c54cd_44f2ff299794b6c30443e851a4011ba5"
"667","acf534acd078857b_829086fc34bb1bb7_cdfb3c72990c54cd_f97a7999cf6867d5ef6b890f25392bd6"
"668","8fa35545728c47d6_829086fc34bb1bb7_cdfb3c72990c54cd_808c6eb8f9010bbd01b4cef8d06b4188"
"669","f31d93f104cf98a4_829086fc34bb1bb7_cdfb3c72990c54cd_a0dc6f27e13d82d85a132c168fc6e43a"
"670","a3d1fd403850f344_829086fc34bb1bb7_cdfb3c72990c54cd_137d511982bef32ce9a379e544115618"
"671","9c507080b32d063a_829086fc34bb1bb7_cdfb3c72990c54cd_658f039e41b9d39585f3091df6d0ab0b"
"672","9b1047b9f43b4c08_829086fc34bb1bb7_cdfb3c72990c54cd_a6b0edeb177e59a5b542d678ec98898e"
"673","6550c066982d5a56_829086fc34bb1bb7_cdfb3c72990c54cd_1f9d7321e969801c41282ac2ec62d5f9"
"674","d665c935ff972713_829086fc34bb1bb7_cdfb3c72990c54cd_60b1fe84a9d7bfc563a4d7ce07e964ea"
"675","85531255bf342c26_829086fc34bb1bb7_cdfb3c72990c54cd_63f22b90894f97077fd42685eef0b281"
"676","d2fd95a3821f190c_829086fc34bb1bb7_cdfb3c72990c54cd_1eda71896c73b5e9d73cf61543849640"
"677","6965b685793b2ca4_829086fc34bb1bb7_cdfb3c72990c54cd_902b55bceb60675978f9f234e90fc00f"
"678","c5f67801f46f95aa_829086fc34bb1bb7_cdfb3c72990c54cd_51f91c20855b07326225423132722ba1"
"679","3f459f58392bc0f3_829086fc34bb1bb7_cdfb3c72990c54cd_51f6feadc86936a7251bfb233ddf70ac"
"680","83d5a0812c4bdb1b_829086fc34bb1bb7_cdfb3c72990c54cd_d020c0422a5b08dc6f8ebdf7fb3b3a70"
"681","7c6a2c7179292c0b_829086fc34bb1bb7_cdfb3c72990c54cd_2c95eca3b1591ce3cc3dc3cbd3eba7a0"
"682","130d4729b68c1cd1_829086fc34bb1bb7_cdfb3c72990c54cd_02fce59148dd2be83e970cb65164177b"
"683","1c31ff0b4f84b0fc_829086fc34bb1bb7_cdfb3c72990c54cd_f1efd8c5038c126dd3a0f31cee3ba044"
"684","32ca484439d17396_829086fc34bb1bb7_cdfb3c72990c54cd_980b2da4571fa6f67ba5784fcd81a92a"
"685","7bb9bcb3ba1b87c8_829086fc34bb1bb7_cdfb3c72990c54cd_42f018dc1c49ce649e38abdc70db2b84"
"686","d5cdffdb1d0b23ac_829086fc34bb1bb7_cdfb3c72990c54cd_52333656fb1a25c9cb0dcc9c45df6345"
"687","281db88a27f2a777_829086fc34bb1bb7_cdfb3c72990c54cd_6f955b065155e047388687f67c7b59d3"
"688","9c8677669cb196b4_829086fc34bb1bb7_cdfb3c72990c54cd_0324057cb1be4b14b40b52a355d8166d"
"689","f93fd0c7a5a09c6f_829086fc34bb1bb7_cdfb3c72990c54cd_46e299ce6fff0627b91bb43200c9df0c"
"690","5d9454d919fa02cc_829086fc34bb1bb7_cdfb3c72990c54cd_d4e374e6d3a2c515c9f2c151daad4a0d"
"691","3aa24333888cd6a7_829086fc34bb1bb7_cdfb3c72990c54cd_ac1bddb8b156d1a24d79729a7872524f"
"692","9bbb1639d7a2b778_829086fc34bb1bb7_cdfb3c72990c54cd_0cd7708fdbfdbfaed820c5d57c04b50b"
"693","2d94b57dc085821f_829086fc34bb1bb7_cdfb3c72990c54cd_5aef97d1d956267b3f0f08395c428c37"
"694","a0876c608d51c83a_829086fc34bb1bb7_cdfb3c72990c54cd_5659562b94fccff8af2ca71efa9360a5"
"695","f960231229158d1c_829086fc34bb1bb7_cdfb3c72990c54cd_f5b7e2834b2966dd498bf8326295380a"
"696","8876f1d03d1c888b_829086fc34bb1bb7_cdfb3c72990c54cd_16b174e6aed5ae644dc3b74aa50e9974"
"697","43b59f6bdaa9c5c9_829086fc34bb1bb7_cdfb3c72990c54cd_77f904f64ed7cc69f69f709e0f403d52"
"698","694df8af7c7d8775_829086fc34bb1bb7_cdfb3c72990c54cd_2c6bf0ba9052d99fc3d1c5cd0569d485"
"699","1303d876b2672999_829086fc34bb1bb7_cdfb3c72990c54cd_4d9f8c93761ab3128858a84a3a05098d"
"700","b16611cdad39b9cd_829086fc34bb1bb7_cdfb3c72990c54cd_9668c480de39e22495fdc3c7d83df142"
"701","2692f92869c31b58_829086fc34bb1bb7_cdfb3c72990c54cd_2ab8d319bdd86cae478f0b6cab877a44"
"702","7284ac5d3a6961c3_829086fc34bb1bb7_cdfb3c72990c54cd_5bcd24f3163a89d0e3a72733e40ed5ad"
"703","fa5a7aa223371938_829086fc34bb1bb7_cdfb3c72990c54cd_25c7960fe83159f54d4d4b013b38721b"
"704","86314784d4cd8f59_829086fc34bb1bb7_cdfb3c72990c54cd_3de8826d2c133babf0c4e18ec5c521bc"
"705","9d892d6c30f958cd_829086fc34bb1bb7_cdfb3c72990c54cd_0b413ebbcf3bd753fdb3279e6ec6e8b9"
"706","529090cf38168168_829086fc34bb1bb7_cdfb3c72990c54cd_c653d6d12858906a6cc850c8f23aea83"
"707","346472c938f7abb1_829086fc34bb1bb7_cdfb3c72990c54cd_4685f8c4140031f75b6dc2dadc4b219b"
"708","494759fa269d700a_829086fc34bb1bb7_cdfb3c72990c54cd_ba2ad2c103a43b78d0cc91602a51dd46"
"709","4cd7b5779657b532_829086fc34bb1bb7_cdfb3c72990c54cd_456606bb275235dd55aa8db18666958e"
"710","9fcaa15d1415a573_829086fc34bb1bb7_cdfb3c72990c54cd_6febb3f4c8f60b4f6f6ca51990402f92"
"711","520485073f11f02c_829086fc34bb1bb7_cdfb3c72990c54cd_653700412b19b351d32cd53ea8d43373"
"712","d105422af2a1af1d_829086fc34bb1bb7_cdfb3c72990c54cd_9d199a62ce7248a0790824f2ce2722b7"
"713","fc99f265f79c193b_829086fc34bb1bb7_cdfb3c72990c54cd_7092c26c7b6004ae57ec9323de4671c8"
"714","b3126969a3473adf_829086fc34bb1bb7_cdfb3c72990c54cd_a5a9ba148acb75b5ba367d07cbada10c"
"715","85b3acb8bd65f6fd_829086fc34bb1bb7_cdfb3c72990c54cd_599586945d126b30da49981bfe8d87bb"
"716","9fb60562f7706652_829086fc34bb1bb7_cdfb3c72990c54cd_e011062720adf219a9fa1aef317b1522"
"717","9644d99d35ddd8d9_829086fc34bb1bb7_cdfb3c72990c54cd_fd208e863fa9ab59fc8a898628f2c987"
"718","c4d1a33644da50cc_829086fc34bb1bb7_cdfb3c72990c54cd_d198c82fd20d96473f3d2a20aba37cf0"
"719","c8123c5330300d29_829086fc34bb1bb7_cdfb3c72990c54cd_07c80e39aaed79a4e4659736ed603128"
"720","91aa005a434531cd_829086fc34bb1bb7_cdfb3c72990c54cd_550d66924961dcd84a9e21e45b9118bd"
"721","11f77c25584a6551_829086fc34bb1bb7_cdfb3c72990c54cd_b72a9fcb50b188b537053f3100af759e"
"722","629285ca50314798_829086fc34bb1bb7_cdfb3c72990c54cd_47308bf36fbb57802d7ce48a3a6da674"
"723","f290aada04461332_829086fc34bb1bb7_cdfb3c72990c54cd_badfd7fb804993be8dfabba28c330206"
"724","7b34811f97493c69_829086fc34bb1bb7_cdfb3c72990c54cd_bd855a6e8d82ba0c453903873693fc61"
"725","26b7aac531b00959_829086fc34bb1bb7_cdfb3c72990c54cd_7aea7da64b8007cdd3ef037594a684b5"
"726","cbb384332d7f1d50_829086fc34bb1bb7_cdfb3c72990c54cd_64840fd5acab075b4a1f082b9ef74830"
"727","c5afdcdf0125bc41_829086fc34bb1bb7_cdfb3c72990c54cd_6e41bfbb92b49b034f1b0221ebab403e"
"728","9bd0585f700f8bb5_829086fc34bb1bb7_cdfb3c72990c54cd_8574849c7c68ba705f9a43d615167c85"
"729","3f02d0097c89496f_829086fc34bb1bb7_cdfb3c72990c54cd_7cbe4a735969970d07b004d08c58c29e"
"730","2c6599a2b49da645_829086fc34bb1bb7_cdfb3c72990c54cd_638b913a6663aed54abc5b8b6bf63331"
"731","d1f711a61c9f4f64_829086fc34bb1bb7_cdfb3c72990c54cd_34a183a942ac6f44629c6ffe76e36b57"
"732","ad652c14a00f7d26_829086fc34bb1bb7_cdfb3c72990c54cd_09967c70418c6516c52bb6beb7af5538"
"733","41840cb5450da21d_829086fc34bb1bb7_cdfb3c72990c54cd_37cf419be75f3586df673cf348a06790"
"734","617592b7c105fb99_829086fc34bb1bb7_cdfb3c72990c54cd_d8098816db8f956876a4e746970a3e42"
"735","5c32282946a4a420_829086fc34bb1bb7_cdfb3c72990c54cd_a6e2d876448013cf7122241f2a11147a"
"736","244f593691f44d8f_829086fc34bb1bb7_cdfb3c72990c54cd_b4b8446ac34f04616c5c23b4ba75a35f"
"737","b9861427d3bc24f2_829086fc34bb1bb7_cdfb3c72990c54cd_49581e2a390aa072239c0e54272c0df1"
"738","f3c418337bf72ad2_829086fc34bb1bb7_cdfb3c72990c54cd_1d5100e75d73e7c023ebd1817e7b967b"
"739","616b390361c53648_829086fc34bb1bb7_cdfb3c72990c54cd_cff932c7f23a1fd796f295b76b44fc4b"
"740","07fb83840125bb57_829086fc34bb1bb7_cdfb3c72990c54cd_823aa1fb0d3f7e535a67aa853971a62d"
"741","5217fb29476614b1_829086fc34bb1bb7_cdfb3c72990c54cd_3e4834d636118ce9ce1b3dd444dfb2cc"
"742","1b4ddb9b1541d48c_829086fc34bb1bb7_cdfb3c72990c54cd_7b6981b3b8fb0811f572b974d7ca7956"
"743","d1035a9d8590af83_829086fc34bb1bb7_cdfb3c72990c54cd_344fc633f20784d01e49b29672ea5597"
"744","2ffb34344999a46d_829086fc34bb1bb7_cdfb3c72990c54cd_737e3c3dc76985e52845e1322f61a365"
"745","af75262ac08ad693_829086fc34bb1bb7_cdfb3c72990c54cd_28cdf42640c42292f3bcbe7ec4a87905"
"746","ac1c3bd970d38b16_829086fc34bb1bb7_cdfb3c72990c54cd_6ea21953f739c7b2508e48cdca9ab0d5"
"747","2b7253458bfdb508_829086fc34bb1bb7_cdfb3c72990c54cd_8b562080af2b1dbc3e4d63d3c4a02d82"
"748","b5209cf51bf32193_829086fc34bb1bb7_cdfb3c72990c54cd_af1dfc8b46d25059539012adffd6434a"
"749","1fb0075da026f701_829086fc34bb1bb7_cdfb3c72990c54cd_f65d67d842f2aab0f1ef8a9e511fb95e"
"750","b2516076f45aa534_829086fc34bb1bb7_cdfb3c72990c54cd_17955bd28211917c61eef7388993c0dd"
"751","9fd3d27686703186_829086fc34bb1bb7_cdfb3c72990c54cd_8a9034931e44cb7175bf191506d36b5a"
"752","87cabd994d4559da_829086fc34bb1bb7_cdfb3c72990c54cd_8a934c11fa644a737cc3e72a7f610ddd"
"753","6f2dc388d748f1c6_829086fc34bb1bb7_cdfb3c72990c54cd_6897ac280a48603cbf3ae97e888f3916"
"754","a1afcf5085478072_829086fc34bb1bb7_cdfb3c72990c54cd_fbc036f5084a410008c78ae67eb442eb"
"755","39b2292a30c69f18_829086fc34bb1bb7_cdfb3c72990c54cd_2082c925ab4d3c5e68236a23e4ffb059"
"756","46b0160abfb51abc_829086fc34bb1bb7_cdfb3c72990c54cd_b8d9f5766688a1808bcb5449c82c7508"
"757","7d9dbb8bb0515bbf_829086fc34bb1bb7_cdfb3c72990c54cd_b3f104f3cfbff3c8c8de237a62115d45"
"758","9796a9ba8c4f1928_829086fc34bb1bb7_cdfb3c72990c54cd_7310e441c0c8944c75188bb8d53d63c7"
"759","c0328185d58fc800_829086fc34bb1bb7_cdfb3c72990c54cd_d8e66b152eb37800ffb050650ddf2264"
"760","8c487a85745d0ba5_829086fc34bb1bb7_cdfb3c72990c54cd_66b3579290b0a2729b1e211e410f9567"
"761","0d6136fcc9a77c4f_829086fc34bb1bb7_cdfb3c72990c54cd_c5429a924895452d8421d5e1d6aeb066"
"762","1b9284ca3a4bb8db_829086fc34bb1bb7_cdfb3c72990c54cd_e9d1101ff91d1a259a24d8a8253c4f8c"
"763","31f57336af895744_829086fc34bb1bb7_cdfb3c72990c54cd_b132cbdcfe17aacc8e42cf3474f363fa"
"764","d44f57150c08536a_829086fc34bb1bb7_cdfb3c72990c54cd_f1cfa5e8df61376c9284060ad45d327d"
"765","c98493af6a88c2a1_829086fc34bb1bb7_cdfb3c72990c54cd_e95069ac43a5070d77bf17c62bd2a7a8"
"766","ada4b9900a539fac_829086fc34bb1bb7_cdfb3c72990c54cd_e0a78901baf4fc1993da798930d167db"
"767","79856761bcdb24d5_829086fc34bb1bb7_cdfb3c72990c54cd_f397d2e68918740e8467079426d453ad"
"768","8968d55865b2d676_829086fc34bb1bb7_cdfb3c72990c54cd_81992f34cc302caff2c61d569f111cee"
"769","9551889b55779f0a_829086fc34bb1bb7_cdfb3c72990c54cd_3e5787aa538c3a69033d22aa04c83146"
"770","5cfa3010fd12b448_829086fc34bb1bb7_cdfb3c72990c54cd_eca582ba9cf15afe2a88be0bde069da0"
"771","591f4af6c8919ab3_829086fc34bb1bb7_cdfb3c72990c54cd_d945e2883498ea3bdba287f840b0805e"
"772","13d512528628424c_829086fc34bb1bb7_cdfb3c72990c54cd_17ad3cda6a946bb5e590168195522335"
"773","9b17700c31c521fc_829086fc34bb1bb7_cdfb3c72990c54cd_3d5b675909e649f6a846c08c6391b5e2"
"774","4f4d95f8a5cd2bab_829086fc34bb1bb7_cdfb3c72990c54cd_bb0fa69e52cd382c4651c47d6f0303b4"
"775","3d85a228d8336b44_829086fc34bb1bb7_cdfb3c72990c54cd_ed6c9ad80d1156e4deeb7e870e5f7ee6"
"776","1510ab7f0c176043_829086fc34bb1bb7_cdfb3c72990c54cd_3139ddd88594dbd7cf3adca7ede46d53"
"777","ac9f72c35f7313b8_829086fc34bb1bb7_cdfb3c72990c54cd_a8a8bb2ccba367d9d256a0a840d751eb"
"778","7ca1f57fd30c45cc_829086fc34bb1bb7_cdfb3c72990c54cd_5cb31a0b2d5b99daf79b11b32ae5a38f"
"779","c63bbfb937887d19_829086fc34bb1bb7_cdfb3c72990c54cd_f69d3a54954462f41cf0633afd892a6d"
"780","c6cd05a220dfd01b_829086fc34bb1bb7_cdfb3c72990c54cd_c7d7770b725ab296fb96200131c7ad78"
"781","12659831f9b0ab52_829086fc34bb1bb7_cdfb3c72990c54cd_b503429c087b7da9a6fcdb9f46a73f7e"
"782","82026d30bbcdb5fa_829086fc34bb1bb7_cdfb3c72990c54cd_5954ccdc5d7c6d8cec3ff266b40800df"
"783","f2a885b649532243_829086fc34bb1bb7_cdfb3c72990c54cd_235a99934d8cb687e11dee7e4920c9cc"
"784","7a514d99bdd67129_829086fc34bb1bb7_cdfb3c72990c54cd_d96162a9c66f897208a9bf3d3a99fd1b"
"785","dd568a17579358f2_829086fc34bb1bb7_cdfb3c72990c54cd_78fdd3a474c18c1c84594de3f365a9ba"
"786","968d44346d05f5a0_829086fc34bb1bb7_cdfb3c72990c54cd_0f52a8312be5863a60133b2f8666643b"
"787","f20b0a0b9824aa9d_829086fc34bb1bb7_cdfb3c72990c54cd_183b788cb606edccfee90f4a86a46e2d"
"788","2193667c5190ca58_829086fc34bb1bb7_cdfb3c72990c54cd_d5677c74f5c9f270c3a837c232c5e044"
"789","5ca9da7a089ad118_829086fc34bb1bb7_cdfb3c72990c54cd_269a9463051679862aa398ffea842540"
"790","8b4979ac46b01660_829086fc34bb1bb7_cdfb3c72990c54cd_e23ed534e7ce1e6bcf0d2d8968e00684"
"791","5df0370995f314b0_829086fc34bb1bb7_cdfb3c72990c54cd_3620a0b9d6630a0f40c2414dcb8fd303"
"792","96b4298db5674230_829086fc34bb1bb7_cdfb3c72990c54cd_0d56ea17bbfa023055304dd003ccc745"
"793","5422a17a81251b32_829086fc34bb1bb7_cdfb3c72990c54cd_596b876055862be18f88e342da49e12e"
"794","78355b9b9922fb78_829086fc34bb1bb7_cdfb3c72990c54cd_737fbf50680f5b563297d0658a7345bb"
"795","626f751d5227c995_829086fc34bb1bb7_cdfb3c72990c54cd_b6921989a1b1f7be2aa118f1673c962f"
"796","8961339b186ad555_829086fc34bb1bb7_cdfb3c72990c54cd_6dfd214de995f278a60897dc6aa2ca4d"
"797","d961aa49d780da38_829086fc34bb1bb7_cdfb3c72990c54cd_18fe2a9c397a986b7818f39e1161877b"
"798","00466a7f3019cc70_829086fc34bb1bb7_cdfb3c72990c54cd_547a82aac3de7aa030bb760ae7dd02d2"
"799","36050a51c1398655_829086fc34bb1bb7_cdfb3c72990c54cd_f0ef06b90a8af0d5e2f5a7e0e4486ef7"
"800","7629b892d9c3b54c_829086fc34bb1bb7_cdfb3c72990c54cd_48d545c1ad7d24ae866305466a8f411c"
"801","a0bc03b758da0427_829086fc34bb1bb7_cdfb3c72990c54cd_45c26e1606972b2d94c09e687841f284"
"802","03980642839d4fbd_829086fc34bb1bb7_cdfb3c72990c54cd_e6d2453b95b4c244f6e12fb62320a5ab"
"803","27140c905558d4c3_829086fc34bb1bb7_cdfb3c72990c54cd_34face722b2dbe4a75e2ff5ad0b34d4c"
"804","9c14a1c85cc56610_829086fc34bb1bb7_cdfb3c72990c54cd_84ce893315e438b5606ff7895731a0ef"
"805","7789405422b254cc_829086fc34bb1bb7_cdfb3c72990c54cd_2cb1849ba1b17f895aea5c95b5c9ff6e"
"806","0c5af2349dd6627f_829086fc34bb1bb7_cdfb3c72990c54cd_8e1b74c34da8c064b6458b3d3baa018c"
"807","3002942983f4b1ca_829086fc34bb1bb7_cdfb3c72990c54cd_875007345b1327c8e28e4fa8d9d67cd8"
"808","f249b1b923f2d07a_829086fc34bb1bb7_cdfb3c72990c54cd_3761c617f054cdade967d65839b617c4"
"809","c9c3f9a41d9c8d5c_829086fc34bb1bb7_cdfb3c72990c54cd_d554de43e0998a3f230eb21fe5a4874d"
"810","f862848c74858c24_829086fc34bb1bb7_cdfb3c72990c54cd_e02d5b03e48b15250df1e4ef304124a1"
"811","8a14cab707d9134d_829086fc34bb1bb7_cdfb3c72990c54cd_b604f6befa46afc565fd1eabc8407ac4"
"812","25c93155bf06fa40_829086fc34bb1bb7_cdfb3c72990c54cd_2ee0d022633cdb039dfa7c35460bf9aa"
"813","ccd512c3dd68c03a_829086fc34bb1bb7_cdfb3c72990c54cd_d23f6ec96c25ae25c9cfdc2311a0adbf"
"814","584d3c15bb749d91_829086fc34bb1bb7_cdfb3c72990c54cd_78784ae12d26f4a75b0b4116cff27cb8"
"815","37cafc8ca12aca78_829086fc34bb1bb7_cdfb3c72990c54cd_cd1d0c73a0b98fb50dc23a625bcf6cf4"
"816","a196109a4ac13373_829086fc34bb1bb7_cdfb3c72990c54cd_d09bcf634bb0dab3a0d4d1912c3c3260"
"817","fabfdd489d3aa600_829086fc34bb1bb7_cdfb3c72990c54cd_5f1c7c572a36e2ee7945d6a7c2da864e"
"818","a715146ad1da6ff9_829086fc34bb1bb7_cdfb3c72990c54cd_62131053c1c2b28dd99cf79c317c5269"
"819","92d4ca9332106212_829086fc34bb1bb7_cdfb3c72990c54cd_286fa33a1e23c295d43c98562747c828"
"820","34c1702d29783515_829086fc34bb1bb7_cdfb3c72990c54cd_6312a501b896e65446e192eb85dd7f3c"
"821","50b5693bcf67b747_829086fc34bb1bb7_cdfb3c72990c54cd_468ac3f142d818092feb3afd0904ea1f"
"822","217a44c2cb9797c5_829086fc34bb1bb7_cdfb3c72990c54cd_43e435874bc26b5c57b1bd36a1c70172"
"823","b90119079864504f_829086fc34bb1bb7_cdfb3c72990c54cd_70c62bf40456a9a87b85a1a362f27cc6"
"824","29194154a1222df9_829086fc34bb1bb7_cdfb3c72990c54cd_d3231444ac5fe98b7f34b11c22b7ab4b"
"825","60c4cf33536985d3_829086fc34bb1bb7_cdfb3c72990c54cd_4b3b77a71d6b3f9c8a7bc1002aea1399"
"826","d167fb94a2afaf98_829086fc34bb1bb7_cdfb3c72990c54cd_3c2967fd6ee6a98fe96ce8313f4ea9ad"
"827","74d84c0ad785f779_829086fc34bb1bb7_cdfb3c72990c54cd_85beb8214a34052d79043bab2e712698"
"828","028d91ca752afbff_829086fc34bb1bb7_cdfb3c72990c54cd_3b49453c163e6fb0177c402a2d7048ce"
"829","a57fb9b7f898d5a5_829086fc34bb1bb7_cdfb3c72990c54cd_29db13273f57e9019a2e105fd2a90c21"
"830","ccc7b767b9c2cb39_829086fc34bb1bb7_cdfb3c72990c54cd_70c1f7555b97c13b207ee03e523f1e3a"
"831","42909d394bb8ac56_829086fc34bb1bb7_cdfb3c72990c54cd_df11c9cd07021c46332ce0f945f66025"
"832","989a2ab5a2292259_829086fc34bb1bb7_cdfb3c72990c54cd_d1f5ac8bfcf2dabee241383f663a75a9"
"833","0b758129cd748a07_829086fc34bb1bb7_cdfb3c72990c54cd_23f90aaded52c94a79f741e4e9f8c42f"
"834","4a46c115b40dfc49_829086fc34bb1bb7_cdfb3c72990c54cd_a39055247772925aefe21cd401619f93"
"835","62c1d659b716d0ad_829086fc34bb1bb7_cdfb3c72990c54cd_2a1259216da6ec09eef037f1a0388dee"
"836","912f3d094031f38d_829086fc34bb1bb7_cdfb3c72990c54cd_992d1543a3847e8cccdc62cd76fccba2"
"837","93c66da569f48a0a_829086fc34bb1bb7_cdfb3c72990c54cd_ad001e56ff5e9caf30d329d04f9ff8a4"
"838","5f1f148f3cd23af0_829086fc34bb1bb7_cdfb3c72990c54cd_a8f69eba7a9bf907fc226b836fb88cd2"
"839","6c421819638a2891_829086fc34bb1bb7_cdfb3c72990c54cd_82adbd7009e0591f36f7ef08c1c7dc58"
"840","b7191f30929ad952_829086fc34bb1bb7_cdfb3c72990c54cd_9e65deb7c03adfee13a22c22c2d5fc63"
"841","29ad0f5d26a7d8a2_829086fc34bb1bb7_cdfb3c72990c54cd_611f3ae303e7396d6d7cd7afcd330a6e"
"842","7a32fc72307dfb63_829086fc34bb1bb7_cdfb3c72990c54cd_96886c3ed3771d2e31ac273df53eafec"
"843","c34d9797ff2d16a9_829086fc34bb1bb7_cdfb3c72990c54cd_7204533e3ceb08eb72323b1b52980141"
"844","8c530aba495c8238_829086fc34bb1bb7_cdfb3c72990c54cd_af0075b7051a5de6073533029e17089a"
"845","3f40669b015479bf_829086fc34bb1bb7_cdfb3c72990c54cd_a86d052b1bf595f2a405220fa843a232"
"846","b2ff03a724a844b0_829086fc34bb1bb7_cdfb3c72990c54cd_8e81404efb490ad2d8d72fc977943e84"
"847","b9b1089b640bca8a_829086fc34bb1bb7_cdfb3c72990c54cd_a0e0fc3412c7dd548473e3e2c2b67d82"
"848","c98c9fd414bb66cb_829086fc34bb1bb7_cdfb3c72990c54cd_d30394f133abc171822d450c04b50068"
"849","5c89c225649bccd5_829086fc34bb1bb7_cdfb3c72990c54cd_592da756d8fea6016e08ff37aa8181ce"
"850","ca0d8461ba332633_829086fc34bb1bb7_cdfb3c72990c54cd_ca55c9f6bdf620e48d25de0d885376ce"
"851","5579cc533d0f90d4_829086fc34bb1bb7_cdfb3c72990c54cd_dd96515463086e7456f031238da09265"
"852","a51159b857ababf6_829086fc34bb1bb7_cdfb3c72990c54cd_fa60c1d76e37e0fb2a8d433002b2fb2c"
"853","40511b0d633b28fc_829086fc34bb1bb7_cdfb3c72990c54cd_76a6536345db718369b07235f0d61ae4"
"854","3545d514875aff80_829086fc34bb1bb7_cdfb3c72990c54cd_0cbafb16b1a8243541ea00eeedfefe13"
"855","0b50d0ab955fa947_829086fc34bb1bb7_cdfb3c72990c54cd_91e6318c339127acbc5cc02facb8b107"
"856","1ac1fcfd126f6701_829086fc34bb1bb7_cdfb3c72990c54cd_2d347fcfede1c02297e1e0a11b205bde"
"857","7a489442dbb2adcc_829086fc34bb1bb7_cdfb3c72990c54cd_82f28649883bf7a119ed15ed83f62165"
"858","0d50336a88a20b6b_829086fc34bb1bb7_cdfb3c72990c54cd_999d215f697f1bc176f343a8e4c74c6e"
"859","5bc715594589d14c_829086fc34bb1bb7_cdfb3c72990c54cd_d11168531e2b816be11030592b620b91"
"860","87b70482ab3dd403_829086fc34bb1bb7_cdfb3c72990c54cd_e666bd32c40871aae79f1f5e183a74f3"
"861","9f465fc5ac8349cb_829086fc34bb1bb7_cdfb3c72990c54cd_5dd643986cd4dcb161d50aca911e284b"
"862","152a95277958637c_829086fc34bb1bb7_cdfb3c72990c54cd_69c48238a4d7baaac3f24cb5de5f4d75"
"863","a79d8b106783a424_829086fc34bb1bb7_cdfb3c72990c54cd_de2dba30024f63f992a7e6694b8805d9"
"864","598a4727d039c98f_829086fc34bb1bb7_cdfb3c72990c54cd_5c2083aa6816a35e79d4956b7498e335"
"865","0b9abbfd0603f892_829086fc34bb1bb7_cdfb3c72990c54cd_a2e598b8fc0f9a317b9ed3dbbb272105"
"866","672a6525d32ff800_829086fc34bb1bb7_cdfb3c72990c54cd_ee3dd7463c7a34be1be5ee59522f6f1d"
"867","4a293213b4657b3c_829086fc34bb1bb7_cdfb3c72990c54cd_dfc74491728ea398fa5245d27ef947ec"
"868","b322a32d7389c811_829086fc34bb1bb7_cdfb3c72990c54cd_32f0a4ef68b7df0319a245ed0a19bae0"
"869","d93af5d35b827fcf_829086fc34bb1bb7_cdfb3c72990c54cd_7bbbae5d904f0a77f62029cd2b223166"
"870","43bb2f8dd84b6b51_829086fc34bb1bb7_cdfb3c72990c54cd_e885ed546386fbf9140e1d9204a0600e"
"871","8a58819faf3547a3_829086fc34bb1bb7_cdfb3c72990c54cd_6f5ecbc999bde159d094a1efa2ecafc5"
"872","4a293213b4657b3c_829086fc34bb1bb7_cdfb3c72990c54cd_dfc74491728ea398fa5245d27ef947ec"
"873","248331f4c3635205_829086fc34bb1bb7_cdfb3c72990c54cd_5c3e599a80658e7d9d47288e408cf6c4"
"874","5f14619c5bd10dc9_829086fc34bb1bb7_cdfb3c72990c54cd_7a7bf5c3c0e7937f4d8fddd6af1ed973"
"875","1421a4da588db276_829086fc34bb1bb7_cdfb3c72990c54cd_a399f6b73117bf5b067a3d0bcb17c398"
"876","61fdf155d2793822_829086fc34bb1bb7_cdfb3c72990c54cd_c60f42fcdff3598fe5c77719d1f2ceb2"
"877","7470f55acd7dda64_829086fc34bb1bb7_cdfb3c72990c54cd_f1a73fbfb75bf8eb9b77f4649f6199b8"
"878","4f167c0f13d03500_829086fc34bb1bb7_cdfb3c72990c54cd_590ddebcaf895a39241bcd4285ac4c91"
"879","0741b10800daf38c_829086fc34bb1bb7_cdfb3c72990c54cd_8259e8c660137f59d73bdd8aa458048f"
"880","a8446c5d81c745c4_829086fc34bb1bb7_cdfb3c72990c54cd_dd69e5122dcd11ea96a683c9d1d7d942"
"881","c816fd721b6d3bb0_829086fc34bb1bb7_cdfb3c72990c54cd_3cfb9e676283a1281ffab67738d834d8"
"882","a2bcdcb534b41233_829086fc34bb1bb7_cdfb3c72990c54cd_c76a2e5598613a3f853a5ee366e90a7a"
"883","6887d2b5a7c290fb_829086fc34bb1bb7_cdfb3c72990c54cd_e2a95a96dd4ad5000405e238ffd233ba"
"884","8b3f59d061cc8162_829086fc34bb1bb7_cdfb3c72990c54cd_60186d8bebf81c3af35c82f40a98ffaa"
"885","a05505af2a1975f3_829086fc34bb1bb7_cdfb3c72990c54cd_7310f5af855ef35ff2b8f9075e0fa1da"
"886","557dafbaa25bc9c1_829086fc34bb1bb7_cdfb3c72990c54cd_08e00812300f9290283a3998993bd94b"
"887","4bb7b4599893385a_829086fc34bb1bb7_cdfb3c72990c54cd_512b3def28e0f5ac00aa23f67818417d"
"888","958316d930dbf025_829086fc34bb1bb7_cdfb3c72990c54cd_ac0e517f7af859c2139165dca39b7381"
"889","109df8f673ba1a2d_829086fc34bb1bb7_cdfb3c72990c54cd_36c1de8ada04ee6dd783e76677a357cf"
"890","1d321aab19b3f02b_829086fc34bb1bb7_cdfb3c72990c54cd_132ab9116946799d82ac9b60a6f04420"
"891","2243d535309a47af_829086fc34bb1bb7_cdfb3c72990c54cd_8176ecf5e1389df47ec50d506cf81b7a"
"892","60bd2b1d396b96fc_829086fc34bb1bb7_cdfb3c72990c54cd_a5fc413f4cc3af12c69adcc8037811f6"
"893","9764668b792bf4cb_829086fc34bb1bb7_cdfb3c72990c54cd_b33ea4d826323f520af7f7fcad2b8077"
"894","d4bd2d41fc3b6d74_829086fc34bb1bb7_cdfb3c72990c54cd_681908ed387e274a86ac72e0a85629b9"
"895","24a4901b78b89264_829086fc34bb1bb7_cdfb3c72990c54cd_34c3a606b7937c269ac25b844f4cecff"
"896","458bfa2c05912aa5_829086fc34bb1bb7_cdfb3c72990c54cd_7e2b6742a259ec26f37bb68708778dfe"
"897","158bf63dd64d4c88_829086fc34bb1bb7_cdfb3c72990c54cd_ed5127698b803bf5139e710cd9046420"
"898","a5ac1b49af1b5bfc_829086fc34bb1bb7_cdfb3c72990c54cd_e1246434914d9d677e43b70df9684f7b"
"899","8054a8f7a86a6fc5_829086fc34bb1bb7_cdfb3c72990c54cd_4465b39368311c2b36ccb0c33639830b"
"900","fbf592c340007899_829086fc34bb1bb7_cdfb3c72990c54cd_e6888c375c02030008759344e01700a9"
"901","81cb3581b6dd0bdc_829086fc34bb1bb7_cdfb3c72990c54cd_bf98a0e93e9c96cc83c29ac4b4c43ae4"
"902","3da54ac09d76d7a5_829086fc34bb1bb7_cdfb3c72990c54cd_93d0d83850fd2d96db9dbfc071c227da"
"903","179f67d1f6720fff_829086fc34bb1bb7_cdfb3c72990c54cd_ffeaf33a185846a11bc90c38bea7acc9"
"904","d5cb0558cf3f7615_829086fc34bb1bb7_cdfb3c72990c54cd_ee46e2b41825df2ac21d96c0c6ddd0b2"
"905","ba0fbf9fd8d665c1_829086fc34bb1bb7_cdfb3c72990c54cd_2f8f7b17e2ef9f42111e6f1b2ce9fcb0"
"906","8cbf5bd57a9426d2_829086fc34bb1bb7_cdfb3c72990c54cd_2cfb6ee2e8b5f9d48b938abb3fb707ac"
"907","b3ccf52dcbda955a_829086fc34bb1bb7_cdfb3c72990c54cd_941b6895d09cffab274b89e602e63d99"
"908","50cf0d071f4815fc_829086fc34bb1bb7_cdfb3c72990c54cd_2ccbb18241b8186a6d66cdacff5c8754"
"909","261a66f9db4813d6_829086fc34bb1bb7_cdfb3c72990c54cd_385100c5ba057bc4b929d8179be796df"
"910","158476381259d084_829086fc34bb1bb7_cdfb3c72990c54cd_c74694e1f765cd1ae86042501abc5a83"
"911","ac020c9541ad6753_829086fc34bb1bb7_cdfb3c72990c54cd_6880f781ac3098bacc7382243e1b81b0"
"912","87795f8888151f19_829086fc34bb1bb7_cdfb3c72990c54cd_956f12e7c8f491f38543b9e00dbac276"
"913","f785ca98071123d1_829086fc34bb1bb7_cdfb3c72990c54cd_6ddcd231a6114b1f052ae2f0873699e7"
"914","6cc7c924244f7772_829086fc34bb1bb7_cdfb3c72990c54cd_5e04d793e9c011b0fbce048b37a1fd20"
"915","c297bfca83333847_829086fc34bb1bb7_cdfb3c72990c54cd_ce137582c8ffcd14547353583a067ff1"
"916","c5613477bbc7995d_829086fc34bb1bb7_cdfb3c72990c54cd_a4684dc5b591cddb2c70202edf7c1cda"
"917","d6d79d5d779b9269_829086fc34bb1bb7_cdfb3c72990c54cd_6a9e9bfb1d8d9cb2a03adf716c0ab299"
"918","6c6764df074fa681_829086fc34bb1bb7_cdfb3c72990c54cd_57c859687b95cb3c63ed2578cc920b02"
"919","dcc316bcf419a720_829086fc34bb1bb7_cdfb3c72990c54cd_86ea9a78865c2ffa470b0076039dde1d"
"920","0b7981591d29fd41_829086fc34bb1bb7_cdfb3c72990c54cd_71f7f5a504f5629155611b256153c328"
"921","8294acbc93f67df1_829086fc34bb1bb7_cdfb3c72990c54cd_a8a406dfcad531a5c3433c94fe32ff10"
"922","5fcd837c593f404f_829086fc34bb1bb7_cdfb3c72990c54cd_6265958a39bf2a29224f9ed5017f1e1d"
"923","44cbbddf65f772df_829086fc34bb1bb7_cdfb3c72990c54cd_3ea24aca0c09d424e54e224f140cb503"
"924","d5af812a5788d0f9_829086fc34bb1bb7_cdfb3c72990c54cd_10fc0ea7692dea4b8b666fb1675e96be"
"925","8ca19bf8d855a11f_829086fc34bb1bb7_cdfb3c72990c54cd_236966268fc166f31215e597a6f0abcd"
"926","d6dd634325650ab5_829086fc34bb1bb7_cdfb3c72990c54cd_c5a51067e321013d2722623ebb40dab4"
"927","9615877b26c80639_829086fc34bb1bb7_cdfb3c72990c54cd_38d30b9d574dea58a97b7e83be5952e0"
"928","df0ff2f7d9928478_829086fc34bb1bb7_cdfb3c72990c54cd_3aec971fd3e8d7f47be8f01c55ff43b1"
"929","27a28f06ffd48d4d_829086fc34bb1bb7_cdfb3c72990c54cd_95c700b541dd31bc8f4c94e69200e927"
"930","43aaac1d69c4c5cc_829086fc34bb1bb7_cdfb3c72990c54cd_515b0259adb30a7c90751d40b38673f7"
"931","b5950094543b8a8a_829086fc34bb1bb7_cdfb3c72990c54cd_154668b8621ae4628cd319ac6b7235ba"
"932","45a3d13886d9baf8_829086fc34bb1bb7_cdfb3c72990c54cd_0cbdd9db72af932107234000e024f146"
"933","a2f9dd82cdca5c0f_829086fc34bb1bb7_cdfb3c72990c54cd_54a90e2a6ed614ed6ae3288fdf313312"
"934","cb7729406bb8bf53_829086fc34bb1bb7_cdfb3c72990c54cd_f3f7314208639683e5f1caef1d9527c1"
"935","dfd137a7c3fadf0b_829086fc34bb1bb7_cdfb3c72990c54cd_6b33b04d29f017cfbf8b02df68ea4379"
"936","3b87d05a50bf1b65_829086fc34bb1bb7_cdfb3c72990c54cd_3b1cc3ca0492c14a18918ad504ac9b62"
"937","467b8fa54f7fa62d_829086fc34bb1bb7_cdfb3c72990c54cd_ba3c8319c04796bf61fa4f9ed922cc7b"
"938","1f5f9c19b0566c33_829086fc34bb1bb7_cdfb3c72990c54cd_cd9c74101bb65e081ebc548e513f7fd7"
"939","c4561fabd9318666_829086fc34bb1bb7_cdfb3c72990c54cd_c293f697e2c148751e654520abecb715"
"940","60774d402177932c_829086fc34bb1bb7_cdfb3c72990c54cd_5fd5ad7d6543952748a0ab86c2025b05"
"941","da3474386c5b3b67_829086fc34bb1bb7_cdfb3c72990c54cd_36609de894f8cb936a2749d6fd4ff7a7"
"942","55a05537154cf0a7_829086fc34bb1bb7_cdfb3c72990c54cd_9e4660d0f3a14894f14557e11bc9433a"
"943","bc2f06542199c111_829086fc34bb1bb7_cdfb3c72990c54cd_237c15392c393d90c7525c9300670cba"
"944","49048f83dfd075bc_829086fc34bb1bb7_cdfb3c72990c54cd_43ad23bbd99dbf69fbc0eca07e708b17"
"945","fb363a8290f3814a_829086fc34bb1bb7_cdfb3c72990c54cd_89b46393ebc38f0b882eb9685cdd1915"
"946","423c9090ff6462bf_829086fc34bb1bb7_cdfb3c72990c54cd_da76fab03dbe23c5c06535379462584e"
"947","a247f1536d453577_829086fc34bb1bb7_cdfb3c72990c54cd_83a1ba1896048294f2648fa70538ed11"
"948","1f8695298c26cac4_829086fc34bb1bb7_cdfb3c72990c54cd_96518492834299c2baa57738e3270cb5"
"949","ac70544963438b0b_829086fc34bb1bb7_cdfb3c72990c54cd_4cd6f171a7487ac9f5430d585a823ba9"
"950","847cb4a8575797fc_829086fc34bb1bb7_cdfb3c72990c54cd_792910d1ba82b0f7dec731aa57dbbeb8"
"951","715842afb0b92c4a_829086fc34bb1bb7_cdfb3c72990c54cd_c20f6048e378bebe36882dfbfd802567"
"952","93af323916aa42a2_829086fc34bb1bb7_cdfb3c72990c54cd_ef0bb129224990c4bf409728e1a8069c"
"953","f447cdfa4917ad16_829086fc34bb1bb7_cdfb3c72990c54cd_1b596c72b209a8880743c262430ab27d"
"954","478b64d22cbb7861_829086fc34bb1bb7_cdfb3c72990c54cd_ff4fca6e1cff9ddeac688ad5ae1c1cdf"
"955","b6d7477199da5468_829086fc34bb1bb7_cdfb3c72990c54cd_71ac5a595ff2e4c0df02910774d110ed"
"956","957780782faa5b25_829086fc34bb1bb7_cdfb3c72990c54cd_6e82ced8216c815723e4b40c59067471"
"957","da2d54079f94514a_829086fc34bb1bb7_cdfb3c72990c54cd_329ed1e0128b8230ea5c6700c7b192e1"
"958","68c92306d2fdfa52_829086fc34bb1bb7_cdfb3c72990c54cd_86758a7840200478792e76b6665941b6"
"959","2d3fa58567981852_829086fc34bb1bb7_cdfb3c72990c54cd_57ac58eec17a384d01147de2f3d49dce"
"960","1840fccad12b3a41_829086fc34bb1bb7_cdfb3c72990c54cd_4e62c3da6bd6149ae5a25399226c6c16"
"961","4ccbb42693b2a679_829086fc34bb1bb7_cdfb3c72990c54cd_e10d897e568f9ec124537fefd191fd7f"
"962","c9d5c52f8b2df25a_829086fc34bb1bb7_cdfb3c72990c54cd_a84a142df25e18ee69cb8215ef14c438"
"963","f44d5d04ad0748ff_829086fc34bb1bb7_cdfb3c72990c54cd_a02c738aecdd3f168623d86eca70cc1f"
"964","c621a46a620d789f_829086fc34bb1bb7_cdfb3c72990c54cd_cbf2b9a04a9118e699bf686b031f7003"
"965","7561265c37803803_829086fc34bb1bb7_cdfb3c72990c54cd_9e5a8b2b7ce2b7f58779229e86801511"
"966","b3ddf50221f79387_829086fc34bb1bb7_cdfb3c72990c54cd_d92a12d679e9fbd8e8bae4fa7520fd94"
"967","23d7a199adbb0f38_829086fc34bb1bb7_cdfb3c72990c54cd_ee76f23de342848e39986a462bef184e"
"968","5466c2622652b454_829086fc34bb1bb7_cdfb3c72990c54cd_536a88d202ceb8f6109b6af202f84ed1"
"969","fd55f17292adda7b_829086fc34bb1bb7_cdfb3c72990c54cd_9853359995ab79de492b04f7a34492da"
"970","42446fcc9f6bb753_829086fc34bb1bb7_cdfb3c72990c54cd_bdb84a02fefe955654bd40ab08c848e7"
"971","49285976c92b6591_829086fc34bb1bb7_cdfb3c72990c54cd_8a20d72fcdf92a9544616bfc8b93fab2"
"972","8730afa897f334b3_829086fc34bb1bb7_cdfb3c72990c54cd_1e2bd7c73b4d44c89a64c80297117685"
"973","50b8f7a3f84dc337_829086fc34bb1bb7_cdfb3c72990c54cd_15224286446d9fb45ad31b7c4be9b061"
"974","0000587f3ab40dbc_829086fc34bb1bb7_cdfb3c72990c54cd_232d200900bd6331eea2abf5150b108c"
"975","9c91279dc184a090_829086fc34bb1bb7_cdfb3c72990c54cd_4a84f7aedb83617e27463db32da786ee"
"976","985a3cb47201d6cf_829086fc34bb1bb7_cdfb3c72990c54cd_745ed9a14bad45b91c56b75ec2e33011"
"977","6c999769dfa34380_829086fc34bb1bb7_cdfb3c72990c54cd_5263c8455bd5dc06c2dbeb9ae047587d"
"978","3527f3551b9d05a2_829086fc34bb1bb7_cdfb3c72990c54cd_a75296480915073495e7f38d8514ab82"
"979","a7ab4c73afafd9a9_829086fc34bb1bb7_cdfb3c72990c54cd_b922e21de1688f2071ab24401b0ffd49"
"980","f81ba9d19f853d0b_829086fc34bb1bb7_cdfb3c72990c54cd_c36111ae90980001bc4abf4f1d47210a"
"981","3c9d6d45274a99a6_829086fc34bb1bb7_cdfb3c72990c54cd_ec8cb3dd139ebdb49144ac04f0d823ab"
"982","bffb4921860f8749_829086fc34bb1bb7_cdfb3c72990c54cd_7c2d70b3e702e3747ee07ffddd1cee37"
"983","2b1d81508adb8446_829086fc34bb1bb7_cdfb3c72990c54cd_4a1f080e781415afd3889ea661bbcb13"
"984","d9a0b9861b4abb83_829086fc34bb1bb7_cdfb3c72990c54cd_8ce9585c918e8f63e0932b8543bd25e0"
"985","82c1a8632074310c_829086fc34bb1bb7_cdfb3c72990c54cd_8ff9d1ed2b1f9ad262676249163ae717"
"986","f3b19aac607dc24b_829086fc34bb1bb7_cdfb3c72990c54cd_1d80f4a2e093e926ae94995d1abc6a0f"
"987","c7f6440077a17317_829086fc34bb1bb7_cdfb3c72990c54cd_d8af448475df26705babe6642e5a2625"
"988","6115181339a86b3a_829086fc34bb1bb7_cdfb3c72990c54cd_3f038923a13b44c5df3b3a2ab6ae7e76"
"989","23afb8fc9a79f39a_829086fc34bb1bb7_cdfb3c72990c54cd_6a1522284c5bff6355044a1589a235f5"
"990","21fffb4240dc0dbb_829086fc34bb1bb7_cdfb3c72990c54cd_635f51d7521e1dbd12df4d42f883e583"
"991","7a15b4668b6dc5fa_829086fc34bb1bb7_cdfb3c72990c54cd_14c0b78b1961e0e864aacf10a20ab248"
"992","5a253bba60b4a716_829086fc34bb1bb7_cdfb3c72990c54cd_fad907fbd64ae627c66b18d97ee2a2a7"
"993","f073d41c3145a520_829086fc34bb1bb7_cdfb3c72990c54cd_e41f19117c87dbb4a12aa167032f19d8"
"994","bff319640c27d675_829086fc34bb1bb7_cdfb3c72990c54cd_2e3bebafda038ddbb8776f9ecae878d1"
"995","5206a805bb3d8259_829086fc34bb1bb7_cdfb3c72990c54cd_a48bb6c9f9e6c4eb04a5f04101370b71"
"996","9bbac67137c66113_829086fc34bb1bb7_cdfb3c72990c54cd_012a1cedf3c9df523c950f31b93acec1"
"997","b8665c9f66c9486d_829086fc34bb1bb7_cdfb3c72990c54cd_d9c4a3947ade885859c56a918a0a08b3"
"998","f884d73450bbaa17_829086fc34bb1bb7_cdfb3c72990c54cd_17f7ef362e550cb86febd88c24df5bbe"
"999","09244692d25c5d3a_829086fc34bb1bb7_cdfb3c72990c54cd_e57b97348ba642f55848e58ab7741615"
"1000","5587a8847f2f561c_829086fc34bb1bb7_cdfb3c72990c54cd_90d3eeffc0070352f0d7c04c2f784394"
"1001","3a75cd6802b634d0_829086fc34bb1bb7_cdfb3c72990c54cd_6e4bfb205ea690fa810ad15a2bedea45"
"1002","26678a2ad322871f_829086fc34bb1bb7_cdfb3c72990c54cd_d2fc9a8368ccbeda57f2b1ba3dd0a6e3"
"1003","1a4c77f6c2f69d79_829086fc34bb1bb7_cdfb3c72990c54cd_1002ffebf58639fe4538fa7a443c2193"
"1004","da18cb4d1a165688_829086fc34bb1bb7_cdfb3c72990c54cd_10d85d567a2b75a9abe4366dc53f691c"
"1005","b2bfbf2204d3609f_829086fc34bb1bb7_cdfb3c72990c54cd_38fb9a53e1df396869d1a1c4832aa548"
"1006","3571cb1d522c32d6_829086fc34bb1bb7_cdfb3c72990c54cd_103849a2cd18e9518e7b6320ec551fcc"
"1007","cd2538128c077408_829086fc34bb1bb7_cdfb3c72990c54cd_948e5ede9bec50f61fe929be341fe771"
"1008","9876bc0d19502b0a_829086fc34bb1bb7_cdfb3c72990c54cd_8a10a87a4ad5faf4f94bd0b3c918430e"
"1009","a698397ddc3bdaab_829086fc34bb1bb7_cdfb3c72990c54cd_7c6b619515eec6b712ae60c0aeab9c24"
"1010","f158b25d74d1209d_829086fc34bb1bb7_cdfb3c72990c54cd_5681ef22f66d87fa319d28ec8bf642c9"
"1011","7f2132734628445c_829086fc34bb1bb7_cdfb3c72990c54cd_a12388d6be5e3c282d511caf4b72bac8"
"1012","947f328fb1f7ac08_829086fc34bb1bb7_cdfb3c72990c54cd_84dd9794060abb170f260a7a9bf4b421"
"1013","34a2903264a68c6d_829086fc34bb1bb7_cdfb3c72990c54cd_f3bf008f1d565ce7ae23709f9f8f45b7"
"1014","dd759f73b05d8ba6_829086fc34bb1bb7_cdfb3c72990c54cd_25a821a19189576d8c2116e1bcc26c5e"
"1015","006442f1d49f7360_829086fc34bb1bb7_cdfb3c72990c54cd_4c0011dae5a476fb8349370089f4043f"
"1016","2f1aacc44f4d0673_829086fc34bb1bb7_cdfb3c72990c54cd_7edca49fa8ce5359d6dfe37966d9c1cb"
"1017","7589437d48682dc1_829086fc34bb1bb7_cdfb3c72990c54cd_e48579b9add97577b7e141d57fc1e39d"
"1018","04204f1051b0c31b_829086fc34bb1bb7_cdfb3c72990c54cd_8a1f732436c6e65191dd7f3770bc45f0"
"1019","c68af3d97493a5ff_829086fc34bb1bb7_cdfb3c72990c54cd_c68907671822ac7732f200a52aad85de"
"1020","3ad6891890b9dbdb_829086fc34bb1bb7_cdfb3c72990c54cd_322025e53adf2ac97554ee4410827072"
"1021","994a210d0c249741_829086fc34bb1bb7_cdfb3c72990c54cd_5908bb731c618aa908f131a6514756ec"
"1022","7dfdb1771616586c_829086fc34bb1bb7_cdfb3c72990c54cd_807888fc7072ad2a3198873dc9cdf32c"
"1023","22409b532f92ba71_829086fc34bb1bb7_cdfb3c72990c54cd_9ff51d9a708d17e86d75d85a05c9e3a7"
"1024","5339011d5fa6c90f_829086fc34bb1bb7_cdfb3c72990c54cd_4bd28320fbb58097e660d5bed860a830"
"1025","fb452d435934d552_829086fc34bb1bb7_cdfb3c72990c54cd_0eee73d18e3492c94495dccd7891bc90"
"1026","63298181aaf22c52_829086fc34bb1bb7_cdfb3c72990c54cd_00b37e924b7c3779a2a35d3490af6373"
"1027","778c7d061d668044_829086fc34bb1bb7_cdfb3c72990c54cd_6c256ed8f6f41d01777e68d6a32c2d18"
"1028","4a66c72c840aa5b8_829086fc34bb1bb7_cdfb3c72990c54cd_bc24b18d85512c778c9e8c9607673cb1"
"1029","f909b202d1618896_829086fc34bb1bb7_cdfb3c72990c54cd_fa9377785649497f30eb9ee3fba6964b"
"1030","520a86f8afb3a310_829086fc34bb1bb7_cdfb3c72990c54cd_ae3d040837a3fa4819f81cc005325854"
"1031","4a2c7362c2172c93_829086fc34bb1bb7_cdfb3c72990c54cd_1523a1309c4649e6e10057725faffde8"
"1032","8f4182944a24a507_829086fc34bb1bb7_cdfb3c72990c54cd_c2d344105229c4b351bba97e7a3397f2"
"1033","137c8ff7bd330847_829086fc34bb1bb7_cdfb3c72990c54cd_d0312df63fa14362cb4081a13687a5b6"
"1034","48725311121a9b67_829086fc34bb1bb7_cdfb3c72990c54cd_baf34ff67d5330272574b12bfec70a6d"
"1035","7d5958ba9b1d14a5_829086fc34bb1bb7_cdfb3c72990c54cd_fd902406be3b163185e6592bd1ee3315"
"1036","616323d60f5b0473_829086fc34bb1bb7_cdfb3c72990c54cd_8373be0d6ad43a623f89a169175474cf"
"1037","f52240026dbf2c23_829086fc34bb1bb7_cdfb3c72990c54cd_3567b1bc76627e6b8e5dbe8bc48c0458"
"1038","0f2095f599950d74_829086fc34bb1bb7_cdfb3c72990c54cd_d3c3e84acf637e84e292bd7b882b677b"
"1039","71c9d3b694462682_829086fc34bb1bb7_cdfb3c72990c54cd_4793c79695e2aaadf71a8e0cc71c1578"
"1040","cb408f0d94afd714_829086fc34bb1bb7_cdfb3c72990c54cd_4f90617dc0a662d19afc2f54378046a3"
"1041","b9785f512c9456c3_829086fc34bb1bb7_cdfb3c72990c54cd_51ff0575dfca988f2870a914ea10b9f6"
"1042","1bc69fd7cf337881_829086fc34bb1bb7_cdfb3c72990c54cd_3e1716599903b2cfe0690bfa4198cb3a"
"1043","3cd0773d5d9b0064_829086fc34bb1bb7_cdfb3c72990c54cd_89634acb2617bc2c7042cbb4215fceb0"
"1044","d4cb4b90d8d2c8ba_829086fc34bb1bb7_cdfb3c72990c54cd_4d2b4df947ecc00bc98b78f15fef7314"
"1045","c5141bf2f26385c7_829086fc34bb1bb7_cdfb3c72990c54cd_785f16060983330dbeda3441dc41851e"
"1046","3134a9b1172d68f9_829086fc34bb1bb7_cdfb3c72990c54cd_32943acdf38ac9631a80228bc736aafc"
"1047","abfaa193154f85f5_829086fc34bb1bb7_cdfb3c72990c54cd_d67e58f3f65a85b4c819f3f079e241d5"
"1048","0c10f3c3d6fd5694_829086fc34bb1bb7_cdfb3c72990c54cd_0702d2e460d6f4ffb5e5ca464ab9b28e"
"1049","083b128cb8087ca3_829086fc34bb1bb7_cdfb3c72990c54cd_c2d566fd406eb9de819edd5c958292da"
"1050","441009b242aac201_829086fc34bb1bb7_cdfb3c72990c54cd_a2dccd02dd26b9c76bbb547fba44e1aa"
"1051","199f5335dd918f6c_829086fc34bb1bb7_cdfb3c72990c54cd_d34e5900453dd15ac30218040ebd65d1"
"1052","a2c040790d1b0948_829086fc34bb1bb7_cdfb3c72990c54cd_6ff4cf12485ae5755b92e08131df17b3"
"1053","cd40041073afd30b_829086fc34bb1bb7_cdfb3c72990c54cd_3fca7340766452d86acc8cbed28b9433"
"1054","27d34af33dd58900_829086fc34bb1bb7_cdfb3c72990c54cd_c9cd68a636a2e224ae5244aa255337e2"
"1055","649b58cc1f8ac4c5_829086fc34bb1bb7_cdfb3c72990c54cd_82139f78edfad58fb6924b8ebfa32b79"
"1056","9cf1dc2d69a231f5_829086fc34bb1bb7_cdfb3c72990c54cd_34c54ede64db2f9da2e2f345c855de1c"
"1057","c6f20b64f477a468_829086fc34bb1bb7_cdfb3c72990c54cd_93f1d24534fddca2077e20322c52dee4"
"1058","72d5f30761c52a77_829086fc34bb1bb7_cdfb3c72990c54cd_544a81677ba37edaa217bcd034cc311a"
"1059","50517b48f56ac4d0_829086fc34bb1bb7_cdfb3c72990c54cd_ebf4ea0162c7357a302f5ef5bee81f80"
"1060","036a29d1753c4549_829086fc34bb1bb7_cdfb3c72990c54cd_cc01ae807b47c86e92e51d3bd73cbc83"
"1061","51649549b9c5194a_829086fc34bb1bb7_cdfb3c72990c54cd_004104cfa50fb936addab6627510c935"
"1062","91114cdb13f83946_829086fc34bb1bb7_cdfb3c72990c54cd_c4d7988a9ebdf15132fda031ba6c53e9"
"1063","f031700f5cbada51_829086fc34bb1bb7_cdfb3c72990c54cd_4ed66fcc054be46427197cf9220c51e8"
"1064","a9dabf43d6089bda_829086fc34bb1bb7_cdfb3c72990c54cd_423dcb94ba8f2ebcc07ffc7032a2ca93"
"1065","79dcaf47fcaba35a_829086fc34bb1bb7_cdfb3c72990c54cd_c0a0357aba78765a3d50ca45fcbfde47"
"1066","2c1a5c9b4c832bcf_829086fc34bb1bb7_cdfb3c72990c54cd_e0dfd0868f159f810719b6f08e8958be"
"1067","d17067591ad795c1_829086fc34bb1bb7_cdfb3c72990c54cd_aaa2301bc16eeaf22201b62de80d42d9"
"1068","d404814f33faf19d_829086fc34bb1bb7_cdfb3c72990c54cd_a9393f91cf8323fdee66714c28189b99"
"1069","990c2a03db32db8d_829086fc34bb1bb7_cdfb3c72990c54cd_4ff8daa5ec1e05b3e05f095f8384f829"
"1070","19bba88c4d8f3064_829086fc34bb1bb7_cdfb3c72990c54cd_7ace130ecfe7cdf6b9b14b3b317febb9"
"1071","8a47742f00f8ca9a_829086fc34bb1bb7_cdfb3c72990c54cd_13d214c552d6f379c3d2bb6ba39ff71f"
"1072","0f973ca736f7c667_829086fc34bb1bb7_cdfb3c72990c54cd_4ea7891d259da06f5db6f8da440ef2f8"
"1073","ff3706b0b6356f84_829086fc34bb1bb7_cdfb3c72990c54cd_484c04d829b63f9ca140ed833ecf0103"
"1074","fc049bd66dd80ffd_829086fc34bb1bb7_cdfb3c72990c54cd_75bc429b978eeb0cd7004b4708424d23"
"1075","d700c1444571fac1_829086fc34bb1bb7_cdfb3c72990c54cd_30d12f35a8a1222aae2a70eb05170b2e"
"1076","5854502ccd9a1b6f_829086fc34bb1bb7_cdfb3c72990c54cd_8e158e776c3b0857f0cc5c4a5345bea1"
"1077","135340008b9d791c_829086fc34bb1bb7_cdfb3c72990c54cd_aebd0eaf9dce9d2e956dbedc29163400"
"1078","42d92891f9754b7b_829086fc34bb1bb7_cdfb3c72990c54cd_a5b674b117cc8ae6f9013707756a95e4"
"1079","c650bf848dd56c40_829086fc34bb1bb7_cdfb3c72990c54cd_d23f4e57988ee1505701ad5349174e33"
"1080","424b7908602a5a36_829086fc34bb1bb7_cdfb3c72990c54cd_94a176ac5cd8e4b04e077009368dc6ee"
"1081","6209cf433315fa00_829086fc34bb1bb7_cdfb3c72990c54cd_f36c8d78b338db4a992363ac3ef77007"
"1082","9ca6160287f0bfb4_829086fc34bb1bb7_cdfb3c72990c54cd_d36c38542e57df63f52efaa299acede0"
"1083","5f8abb6f383d2960_829086fc34bb1bb7_cdfb3c72990c54cd_8b8942cc40962371d6d4e3829430de0b"
"1084","1c39f323daa156b2_829086fc34bb1bb7_cdfb3c72990c54cd_a5a69fd06b609266f67bb38a079f3076"
"1085","4f8763a46f06177b_829086fc34bb1bb7_cdfb3c72990c54cd_195196adfb7b3e13a44ee3cec4e031d8"
"1086","cb035333b975bfbf_829086fc34bb1bb7_cdfb3c72990c54cd_578a3d128ea6daf697f760b2fb55547e"
"1087","08a240524c1a95db_829086fc34bb1bb7_cdfb3c72990c54cd_5954df68ef6702e06f0b6d5f3f68d23d"
"1088","d0aaf37f66ca18f8_829086fc34bb1bb7_cdfb3c72990c54cd_80f75784c2669f0b0374f825af3d024d"
"1089","5d4f0b1603f6247b_829086fc34bb1bb7_cdfb3c72990c54cd_b02a66fdaf959f8e046a94c3969b2b79"
"1090","f19708667b7af33b_829086fc34bb1bb7_cdfb3c72990c54cd_15d516d38fb7dc5f5798892c778b25ee"
"1091","5c54dc440ff9016c_829086fc34bb1bb7_cdfb3c72990c54cd_ee2fe14052f7a71c12a69b2b6b8085ce"
"1092","6d5302342d0a42c6_829086fc34bb1bb7_cdfb3c72990c54cd_98940fe3e65b3c8ed028b84bb07aeeb3"
"1093","fd790b1f074f78f5_829086fc34bb1bb7_cdfb3c72990c54cd_b3c61a5fdbbcc4199ce9299795610007"
"1094","b76f786c5ad30087_829086fc34bb1bb7_cdfb3c72990c54cd_fed0b358c29532ddf3a718d46262113b"
"1095","f35d921d183c040b_829086fc34bb1bb7_cdfb3c72990c54cd_476ed7e2e8fe29b11b93a59210a0162c"
"1096","faf05d118455674d_829086fc34bb1bb7_cdfb3c72990c54cd_80a2cdb83bc6591723969fe77309edef"
"1097","5b1b6d042c59c820_829086fc34bb1bb7_cdfb3c72990c54cd_130d5ea20912db09405ddfd1787f163b"
"1098","22c3f436c8c46031_829086fc34bb1bb7_cdfb3c72990c54cd_deeafec0744ace40ed96201b101731ce"
"1099","f6dad589a147cd53_829086fc34bb1bb7_cdfb3c72990c54cd_4db62554ca2bbac4aac99a83b1cf3763"
"1100","d56724a67a69f255_829086fc34bb1bb7_cdfb3c72990c54cd_37301117c096faf0b1430e5ef73410d5"
"1101","37baaccdac251f26_829086fc34bb1bb7_cdfb3c72990c54cd_c0144fe05adadf3ea16b2ee6442c061d"
"1102","143b2f59b9990080_829086fc34bb1bb7_cdfb3c72990c54cd_0e8658e15121fcf3978984049241d097"
"1103","8462b354c3685a28_829086fc34bb1bb7_cdfb3c72990c54cd_ddf5bc7a117628a17271a90c5afa5cf5"
"1104","45c618a049f00f75_829086fc34bb1bb7_cdfb3c72990c54cd_b3cb00450a04483605192df2b801142e"
"1105","d2f125b85a43ba05_829086fc34bb1bb7_cdfb3c72990c54cd_c99839c9367b4b7d62078ace59f45487"
"1106","2b2ccd72215b053a_829086fc34bb1bb7_cdfb3c72990c54cd_2379d4da98e2249c67a0b2a14ffbed56"
"1107","7692b1c313028b0a_829086fc34bb1bb7_cdfb3c72990c54cd_68d608930792ea55c3ed9fba1ec84ae7"
"1108","74443d1aa59b80b0_829086fc34bb1bb7_cdfb3c72990c54cd_d89a0db10c46f356a60f45033a92def9"
"1109","2909237457d381d4_829086fc34bb1bb7_cdfb3c72990c54cd_ae644a4a77589a94257670eeb762aae4"
"1110","8f6b7b483bb36c9f_829086fc34bb1bb7_cdfb3c72990c54cd_36015c54e78a131495e780197dfa70bd"
"1111","9612f40dcc7244a9_829086fc34bb1bb7_cdfb3c72990c54cd_1b64fa4a2cf4add8a0e65b57bd112875"
"1112","9ad7cb0affc8fffb_829086fc34bb1bb7_cdfb3c72990c54cd_ce05af5ea5efbadeaf24758cd985f2e9"
"1113","2b5b0d86bd3c7d1d_829086fc34bb1bb7_cdfb3c72990c54cd_ae6f8b39d74bff4b1a7bd45ef27b5388"
"1114","52b20bc79737667f_829086fc34bb1bb7_cdfb3c72990c54cd_26dea4e14795df5ba9c58be51c2a1a2f"
"1115","7537c500c5203afb_829086fc34bb1bb7_cdfb3c72990c54cd_18ec5a462394e711e4e0a8e1782463ec"
"1116","86358b333fd812af_829086fc34bb1bb7_cdfb3c72990c54cd_ee46b6712511bc83fce3923e56cffe63"
"1117","8c41cbdf1148bd8c_829086fc34bb1bb7_cdfb3c72990c54cd_3294cbbb6c8f84b99b94150876ce52e9"
"1118","15cff2ad2a8bb3ad_829086fc34bb1bb7_cdfb3c72990c54cd_7814be413b5fefdbcfad41f023362e42"
"1119","a775c020579caf2b_829086fc34bb1bb7_cdfb3c72990c54cd_0abf7f4536c7045bd117f06564e66f57"
"1120","fc4801b3b5acffcb_829086fc34bb1bb7_cdfb3c72990c54cd_802bf730aed31cd0defb918b9c6c2bdb"
"1121","a2ad39cf3d521b79_829086fc34bb1bb7_cdfb3c72990c54cd_01453ef8e2bcf096b681459c4060abc0"
"1122","d8206d55df008adb_829086fc34bb1bb7_cdfb3c72990c54cd_45e09ae65e151a54a805c74d6bf15136"
"1123","a6d8219bbf691b60_829086fc34bb1bb7_cdfb3c72990c54cd_c059b608fa57270a97157d7b63dcfebd"
"1124","a7ca0ab753bba085_829086fc34bb1bb7_cdfb3c72990c54cd_27f55e60cca4f58a450190fd32b0540c"
"1125","c8379bb9d0dd8d7c_829086fc34bb1bb7_cdfb3c72990c54cd_fdaa8c336f52e9a2e08d36c42ebcac2a"
"1126","44617b40266b9755_829086fc34bb1bb7_cdfb3c72990c54cd_147db8d56b8f6d3c277260765b093182"
"1127","fbc698c3876219b7_829086fc34bb1bb7_cdfb3c72990c54cd_2f4bb493448d417464df663c917f1629"
"1128","9df79d250718cfa7_829086fc34bb1bb7_cdfb3c72990c54cd_7df4782977cedd4d98e2034b220d12b9"
"1129","04019fafc67d75af_829086fc34bb1bb7_cdfb3c72990c54cd_9b451257977d936fd1610146673b908c"
"1130","d0cb047cfb2b88a2_829086fc34bb1bb7_cdfb3c72990c54cd_0fd085ec3e56ce3fc635bdbdc28e0f2b"
"1131","b569b5207f36fb31_829086fc34bb1bb7_cdfb3c72990c54cd_62e70b571276169a80648cf2221d5f7b"
"1132","307352685cb950a5_829086fc34bb1bb7_cdfb3c72990c54cd_e26f71dc8501f6d99956b95bda4f8af1"
"1133","fc7181ab2fb7a1bb_829086fc34bb1bb7_cdfb3c72990c54cd_4f314d8e511edd370a9990133d86e9f2"
"1134","d76acb832a2da29f_829086fc34bb1bb7_cdfb3c72990c54cd_891288756eec489caa0d3420d756019f"
"1135","dff81890433178b5_829086fc34bb1bb7_cdfb3c72990c54cd_4d760483db38521f1a4959d5136318fd"
"1136","16f14bf8f4dabc74_829086fc34bb1bb7_cdfb3c72990c54cd_a54a79efb9b6dfeb32793847766eea32"
"1137","66c1944cfdd92814_829086fc34bb1bb7_cdfb3c72990c54cd_8a3ce10db972015dea9027f489107e25"
"1138","514d4a14586b407f_829086fc34bb1bb7_cdfb3c72990c54cd_db2d04d168a2a69faaa4bd13a46ae634"
"1139","312291108f949494_829086fc34bb1bb7_cdfb3c72990c54cd_35c4bcd94304db59d52056f4f60eba8a"
"1140","0224a296afc18ad2_829086fc34bb1bb7_cdfb3c72990c54cd_ea78e19fbd3286298f8dd95f4dec4d4c"
"1141","996d9abb9c27a14f_829086fc34bb1bb7_cdfb3c72990c54cd_14a4e617b012aef0dfd40f4df8f42096"
"1142","6d9191406d81055c_829086fc34bb1bb7_cdfb3c72990c54cd_88b63ed0b9bc918fefd549ddcbd49890"
"1143","ad4232b1fd3d0367_829086fc34bb1bb7_cdfb3c72990c54cd_ed7280a022387460ff4bd1ebcedf8160"
"1144","56afac8359978843_829086fc34bb1bb7_cdfb3c72990c54cd_487874bf1307f594012649aefeb4a10c"
"1145","c20bbd88284cd12c_829086fc34bb1bb7_cdfb3c72990c54cd_834eb89777d6cd68acccbd52f36280aa"
"1146","85673dbd964834a1_829086fc34bb1bb7_cdfb3c72990c54cd_ef175a893cf393aecf4e88e5b9d2511e"
"1147","53523f3ff7ba4caf_829086fc34bb1bb7_cdfb3c72990c54cd_94c826ea659c8a974caf7e2a9b6f8692"
"1148","cc00da6d7695a2c5_829086fc34bb1bb7_cdfb3c72990c54cd_d483a55a20d53ab7813f94b70d2aaae6"
"1149","d765337a5269c550_829086fc34bb1bb7_cdfb3c72990c54cd_132b89b753b7b25d2b24570ffc650011"
"1150","bc2429ac2f419c32_829086fc34bb1bb7_cdfb3c72990c54cd_93197a49cdfb6f02f9065fbf307d9c44"
"1151","24460091ca624cc5_829086fc34bb1bb7_cdfb3c72990c54cd_9f5dfffa3cfcf53f292f69e339a8d035"
"1152","12566b905bfdac49_829086fc34bb1bb7_cdfb3c72990c54cd_dd2f6ac4161bbb882e44e1bca70441a8"
"1153","d5bd5184301118c9_829086fc34bb1bb7_cdfb3c72990c54cd_a0b00c6646904675f1b866215ee63a2d"
"1154","f460952a139ac414_829086fc34bb1bb7_cdfb3c72990c54cd_51d94334d5ce2c5b46242b0259dd4a75"
"1155","0b838d2b798d8871_829086fc34bb1bb7_cdfb3c72990c54cd_4547f8a03a5dcfc7b6f1a79939241351"
"1156","d1c4ac39464f8601_829086fc34bb1bb7_cdfb3c72990c54cd_109d8d19ff1d1590f9e80734b253c36f"
"1157","a7684bbf9675f790_829086fc34bb1bb7_cdfb3c72990c54cd_f8e9a8759caa9db3664eb2ca7fd7353a"
"1158","0131c9817f372186_829086fc34bb1bb7_cdfb3c72990c54cd_4cb8e2bab7e7af024aa78539f6b1608e"
"1159","db355b6fb8c9b522_829086fc34bb1bb7_cdfb3c72990c54cd_22b9ab7afbf02266f55d07b254791a06"
"1160","d4702d1b6d058307_829086fc34bb1bb7_cdfb3c72990c54cd_f2449c77cf68cc3d3f4936eb58a463d0"
"1161","1817b8a078906b19_829086fc34bb1bb7_cdfb3c72990c54cd_10416015715c6997f5e70ef149a04bf6"
"1162","4ac128ad97bf2357_829086fc34bb1bb7_cdfb3c72990c54cd_4f6729081170a595af2fbaa5bc5c3216"
"1163","2929d294cf7401a0_829086fc34bb1bb7_cdfb3c72990c54cd_6a095af2405b58edb04150a4700ee889"
"1164","b0218a730d3987d7_829086fc34bb1bb7_cdfb3c72990c54cd_054f0e34d6bb0d6181dc9d2267951d86"
"1165","1181845a08020d6a_829086fc34bb1bb7_cdfb3c72990c54cd_a58716b9e8221e9c7becd6013900ee0c"
"1166","1d58ba8c09f86068_829086fc34bb1bb7_cdfb3c72990c54cd_a5b6eb472bf308874ac3b0fddcf10af0"
"1167","459cb46114c9f977_829086fc34bb1bb7_cdfb3c72990c54cd_4a31cef0b7a5ecddee10825ab0bc6d56"
"1168","24817838a152cf7b_829086fc34bb1bb7_cdfb3c72990c54cd_f6de73e797e3a1992ca2af893dec0f02"
"1169","459b73915411f2b1_829086fc34bb1bb7_cdfb3c72990c54cd_4d1ed72f0a5971474ee7b967819bc754"
"1170","75db629895cffd21_829086fc34bb1bb7_cdfb3c72990c54cd_d0ed54d906f953e90d22218b65a06666"
"1171","62701687cf08dff1_829086fc34bb1bb7_cdfb3c72990c54cd_4a22c04515fa868e4748354e56c79d41"
"1172","504ab0637c43a83a_829086fc34bb1bb7_cdfb3c72990c54cd_1024c238c9ac1e0d94fd5c4c12e03e21"
"1173","25bd60fdf1f11f1a_829086fc34bb1bb7_cdfb3c72990c54cd_de5078a70863ef9708958c007b19d3bd"
"1174","cc5c827086d0a0c2_829086fc34bb1bb7_cdfb3c72990c54cd_60536e83f254f37557b7b3960c4cf371"
"1175","b329b667225bb068_829086fc34bb1bb7_cdfb3c72990c54cd_7eb08f414657c1d6f98d0e75261f0620"
"1176","cbcfd8cf0183d7dd_829086fc34bb1bb7_cdfb3c72990c54cd_36b555c8e67d21731dca0e0a900adf64"
"1177","851b3a77da3f5cbb_829086fc34bb1bb7_cdfb3c72990c54cd_ba8edf8a897f730c32ac00a42a507cd0"
"1178","751134740df3439d_829086fc34bb1bb7_cdfb3c72990c54cd_e932eaa81c83c057476ee653fab4e653"
"1179","84118b297469f9f4_829086fc34bb1bb7_cdfb3c72990c54cd_ee88efa8bff419973512d98c86df2079"
"1180","3477781052fcf728_829086fc34bb1bb7_cdfb3c72990c54cd_6c8ab81fb522dfc9ab5fbc02c55178a8"
"1181","c98d37dc67dbb7fc_829086fc34bb1bb7_cdfb3c72990c54cd_f119aa3efcbeb28068e0d95f4af478eb"
"1182","cca3f20354b33292_829086fc34bb1bb7_cdfb3c72990c54cd_94c39d2e755228526e261a34d7e42902"
"1183","93329ad3615185d4_829086fc34bb1bb7_cdfb3c72990c54cd_9df51a6f912bbb36e6cb7d3af0f9bf2e"
"1184","35fbc6a2cf915f16_829086fc34bb1bb7_cdfb3c72990c54cd_7aed3d9ef0215203e6c57c29e0256801"
"1185","ba01acfcabf132dc_829086fc34bb1bb7_cdfb3c72990c54cd_2001b5ece11826fc97f949ec7d42bbcb"
"1186","35fbc6a2cf915f16_829086fc34bb1bb7_cdfb3c72990c54cd_7aed3d9ef0215203e6c57c29e0256801"
"1187","f00c3c8966860bb1_829086fc34bb1bb7_cdfb3c72990c54cd_ecf2104f61e9d471fdd27a9a45784145"
"1188","7389cd17f7d215fd_829086fc34bb1bb7_cdfb3c72990c54cd_7860aa89e46d670afb36a8da83611a30"
"1189","41f624b515668573_829086fc34bb1bb7_cdfb3c72990c54cd_f42b670fb6536e22e83dc7dddb52899b"
"1190","a2b3d36072af9091_829086fc34bb1bb7_cdfb3c72990c54cd_812fad51a3d5ab5788fc8512132c286e"
"1191","1211932ac0821a04_829086fc34bb1bb7_cdfb3c72990c54cd_342a7cd48b9c2090fbbd887dff7fc7eb"
"1192","af876fa65300d685_829086fc34bb1bb7_cdfb3c72990c54cd_3e86b7312210f96a312106679a340c2d"
"1193","c2c17780c7996760_829086fc34bb1bb7_cdfb3c72990c54cd_79ede3267786ee202296c207973ad0ca"
"1194","6dc90a307002ab76_829086fc34bb1bb7_cdfb3c72990c54cd_5fcc1e6d4348cbb433cc76804f7ca5a6"
"1195","4aca4cf7d70b7517_829086fc34bb1bb7_cdfb3c72990c54cd_a0491c5c5e6efae1fd01733682f1e240"
"1196","06762152f37192f3_829086fc34bb1bb7_cdfb3c72990c54cd_c3f79f79c3d4d31ccc7d2c0cfba5f8db"
"1197","dc894c575ff18f8b_829086fc34bb1bb7_cdfb3c72990c54cd_9794313b7f47011b6221021009bda5b3"
"1198","69b728b1c821cf96_829086fc34bb1bb7_cdfb3c72990c54cd_fa4e363a33882dd15404be7876140f90"
"1199","698b8df8d45c4a43_829086fc34bb1bb7_cdfb3c72990c54cd_4770fd58aa163a12cd95f721d1fc9e1e"
"1200","50614d1615f96246_829086fc34bb1bb7_cdfb3c72990c54cd_a7fe35e29b964a299a55f1a74bcf9ce7"
"1201","9c888ad7c06d5912_829086fc34bb1bb7_cdfb3c72990c54cd_40a0d5eb5c6d6d9200b351d28fe3673d"
"1202","844d983535cd6f9f_829086fc34bb1bb7_cdfb3c72990c54cd_20d4d885c1f7e779b9f652b0a3033262"
"1203","d95fc8f07b8c5442_829086fc34bb1bb7_cdfb3c72990c54cd_7dad8230c7e3b19720e6a3a9014e38db"
"1204","27d34af33dd58900_829086fc34bb1bb7_cdfb3c72990c54cd_c9cd68a636a2e224ae5244aa255337e2"
"1205","dc32c194d391bd89_829086fc34bb1bb7_cdfb3c72990c54cd_cf3ee6d85e06bd66389dd8ca1db2d60a"
"1206","4ada764f71495992_829086fc34bb1bb7_cdfb3c72990c54cd_9565f44c11afffd7d82ea598c90741ae"
"1207","38dc32fad8988300_829086fc34bb1bb7_cdfb3c72990c54cd_16bc32a71571990b73ccf454ec78bbed"
"1208","83af00ca4165b4bd_829086fc34bb1bb7_cdfb3c72990c54cd_3945d765aa1855fcb97e821ca130a213"
"1209","5000594350db3792_829086fc34bb1bb7_cdfb3c72990c54cd_e09dfb3352e2c0f9ca21f64efc7edb5e"
"1210","b4f475223c662686_829086fc34bb1bb7_cdfb3c72990c54cd_4e6545f5e0b7789b4fe56e6717488d72"
"1211","f84918c9fcf1a60a_829086fc34bb1bb7_cdfb3c72990c54cd_d1d268f6a296eed8d0bf9b80e61770f7"
"1212","50b2835d2b0dfdf8_829086fc34bb1bb7_cdfb3c72990c54cd_41b3c242865b1995b8a4c28793d0ae4c"
"1213","824646874dc133da_829086fc34bb1bb7_cdfb3c72990c54cd_12a7e5c32e7471ce38615fee8b1df8de"
"1214","049c2076b706198d_829086fc34bb1bb7_cdfb3c72990c54cd_dd93975c191a71215d7cb72dd2bbc493"
"1215","824646874dc133da_829086fc34bb1bb7_cdfb3c72990c54cd_12a7e5c32e7471ce38615fee8b1df8de"
"1216","3f7377025827789c_829086fc34bb1bb7_cdfb3c72990c54cd_489444aca45a571347cca303acf5a0b2"
"1217","4f073481898bd886_829086fc34bb1bb7_cdfb3c72990c54cd_c99d67a90ec7b24372485f4aef83e80c"
"1218","85c80db7db7b6a3a_829086fc34bb1bb7_cdfb3c72990c54cd_25526dd7f341a4563fcd466039d9ac4a"
"1219","d80b4c0419559a2d_829086fc34bb1bb7_cdfb3c72990c54cd_667c5c6a42380c207935190838b73865"
"1220","b1f8ff28988dc4f7_829086fc34bb1bb7_cdfb3c72990c54cd_311cfe26743432da622f50dfcadbeb2c"
"1221","a240a209fd832b89_829086fc34bb1bb7_cdfb3c72990c54cd_0f21acde00ada2586ce2ea9534d86865"
"1222","d870bda8a46c1420_829086fc34bb1bb7_cdfb3c72990c54cd_f08d6bcfc7b3dedbe155074e74a97227"
"1223","360d1f8d85cd3b93_829086fc34bb1bb7_cdfb3c72990c54cd_6af73fcae08206da49ff347457e9f65c"
"1224","98553d77f84df115_829086fc34bb1bb7_cdfb3c72990c54cd_7bbf47abb6b73b9be233429560432fae"
"1225","bb02bcc93517357a_829086fc34bb1bb7_cdfb3c72990c54cd_01fccb94c33e40e54cb3f18d583b4d19"
"1226","4db1ddf0582a13cd_829086fc34bb1bb7_cdfb3c72990c54cd_7c731e24df42cb5575053e73b64174b7"
"1227","81ccb3df6d214f5d_829086fc34bb1bb7_cdfb3c72990c54cd_0a2c3625a319113eb032878c0ca7e371"
"1228","c7a418558b5b6214_829086fc34bb1bb7_cdfb3c72990c54cd_2b56995d989536f98eaa0b71f3d07cc9"
"1229","8c00f880196c7b2b_829086fc34bb1bb7_cdfb3c72990c54cd_1e188408e6edb3ae5e0d1405653aa3da"
"1230","8a7cb917b11d9c2a_829086fc34bb1bb7_cdfb3c72990c54cd_0143d10cfa63df63e647d3160098e238"
"1231","4121240fd461dba8_829086fc34bb1bb7_cdfb3c72990c54cd_b691939587cf8533fb07621d4eab544a"
"1232","6f90214a2f0b869b_829086fc34bb1bb7_cdfb3c72990c54cd_46468b4e34501e63ed688f24d6c2e6c8"
"1233","87777736f49756cc_829086fc34bb1bb7_cdfb3c72990c54cd_a3a2d4e937b27a4abaa4d9efe2b7f972"
"1234","41cbbbf6623a9163_829086fc34bb1bb7_cdfb3c72990c54cd_7c390753479c9c6b20276653cd856e10"
"1235","6ca10faad6f4500f_829086fc34bb1bb7_cdfb3c72990c54cd_1bb6fb6fb620c2bc95f7354d22b5c0b9"
"1236","f0d8d0934c2a6418_829086fc34bb1bb7_cdfb3c72990c54cd_b21f94e0f8edfc7c2b74f0cd25b944ce"
"1237","0c8a3d894f38fab9_829086fc34bb1bb7_cdfb3c72990c54cd_fbcb2e82a836fcb36e73f21b20a0f369"
"1238","ccfbfb373fb51c18_829086fc34bb1bb7_cdfb3c72990c54cd_bc9d10f00cd8e50426eddc8fcaee80ff"
"1239","7bdd8971fc373477_829086fc34bb1bb7_cdfb3c72990c54cd_649054686ea4ffc46813a90e6a6f90e0"
"1240","bc745cc9a64d0858_829086fc34bb1bb7_cdfb3c72990c54cd_58d91aa9001eb58e3d99adf814e78a77"
"1241","6faf93b51c882030_829086fc34bb1bb7_cdfb3c72990c54cd_0ab6db3cb206b311c697e878f5b0c683"
"1242","c2f46413a64194d9_829086fc34bb1bb7_cdfb3c72990c54cd_1cc87243ce4c79d5659e0df0224c7e80"
"1243","cddddb6d64050186_829086fc34bb1bb7_cdfb3c72990c54cd_87e8fb16608ce4347a1ce18e15afb100"
"1244","286bc4f2734046f7_829086fc34bb1bb7_cdfb3c72990c54cd_4aa4ab28125711aaba15e181728f804d"
"1245","642f88da1b07b5a0_829086fc34bb1bb7_cdfb3c72990c54cd_907d20dc8ec18dd44c2305ad3c62b322"
"1246","a24ab796af23093c_829086fc34bb1bb7_cdfb3c72990c54cd_4669f60ed8305639fe495b0d43eae6d9"
"1247","1dd96cb01906797f_829086fc34bb1bb7_cdfb3c72990c54cd_f2c93d4547873dde668fa23564239185"
"1248","010a9d30ff83c99d_829086fc34bb1bb7_cdfb3c72990c54cd_5523a1a7c49c4754d4df8c3dea06cb32"
"1249","a0cbdd8950048748_829086fc34bb1bb7_cdfb3c72990c54cd_30c88fc93640acf2bbee6ea1644fd0e3"
"1250","fa2c6abff840a318_829086fc34bb1bb7_cdfb3c72990c54cd_3bcd39a74354fd033d193c728bc3f7b1"
"1251","021fad87fd0d55cf_829086fc34bb1bb7_cdfb3c72990c54cd_a8cc6539965048fe083582dad6dc99fa"
"1252","6fb38c2f6c5c4070_829086fc34bb1bb7_cdfb3c72990c54cd_d93615c44977892b78729795b86cbd6a"
"1253","2ab63bbf9992f01b_829086fc34bb1bb7_cdfb3c72990c54cd_15ad4731f4ec46fc7600ed7b6bab8672"
"1254","d5299a18b534100f_829086fc34bb1bb7_cdfb3c72990c54cd_1ad6464ca0974b614072eba510219009"
"1255","af8a41dd74763550_829086fc34bb1bb7_cdfb3c72990c54cd_54f811f88f37288239873e6db613dd8e"
"1256","dda91c4f781882b2_829086fc34bb1bb7_cdfb3c72990c54cd_7a3d6bc90400699ab53b2592d5eb4d7d"
"1257","babca025b7abaca9_829086fc34bb1bb7_cdfb3c72990c54cd_16ae8dccd176cf12239e1f1eb027c7bb"
"1258","df186188f6df6a30_829086fc34bb1bb7_cdfb3c72990c54cd_3b4c92648095a897feaa75fff60c0b23"
"1259","52ca86d9697d150b_829086fc34bb1bb7_cdfb3c72990c54cd_29fcb90bdd293aef124c8d5672393e92"
"1260","3b2d33c0624c4a5b_829086fc34bb1bb7_cdfb3c72990c54cd_1897eac515c41ae79fb47560f91f21f0"
"1261","0129c82738c79184_829086fc34bb1bb7_cdfb3c72990c54cd_9e7da8562cd6da23f129afa3ea4f26f3"
"1262","a98ddb968287505a_829086fc34bb1bb7_cdfb3c72990c54cd_c02000a42a956c2e0d5791d0635b99b9"
"1263","f7cc7a08431a40c5_829086fc34bb1bb7_cdfb3c72990c54cd_14d889105d42d5fd8df654de17395fee"
"1264","0d8bc8daa331c1cd_829086fc34bb1bb7_cdfb3c72990c54cd_c4d1860721b274526c0c0fa42e085f08"
"1265","1253d8b5cf09a402_829086fc34bb1bb7_cdfb3c72990c54cd_23baec939b32e1b28fa46df666a98444"
"1266","4b8169933258bc4c_829086fc34bb1bb7_cdfb3c72990c54cd_be3f67f70e9049524d9b50615e38cb37"
"1267","b21fc948df343d7d_829086fc34bb1bb7_cdfb3c72990c54cd_0b904934c0b2b267db90ab0cdef31478"
"1268","2166b17a19c3dafa_829086fc34bb1bb7_cdfb3c72990c54cd_6380cfe5688c376353a91fb3a9a341f9"
"1269","7566655185aa2c8d_829086fc34bb1bb7_cdfb3c72990c54cd_0881149719fe3552c6d3621399b7b040"
"1270","7f7b2dcd128b9707_829086fc34bb1bb7_cdfb3c72990c54cd_5e15cc08ef346414266a777439e466e8"
"1271","b337a2d26395a87a_829086fc34bb1bb7_cdfb3c72990c54cd_dc2ba732493ca5dfc0ec6c5dc58b97f2"
"1272","39aa5c6808f48f4d_829086fc34bb1bb7_cdfb3c72990c54cd_0d13951fd1bd36ea70abb798fdebaf5b"
"1273","7874a34fca330120_829086fc34bb1bb7_cdfb3c72990c54cd_eb91f1fde3e77430b27f2265df10a50c"
"1274","74a9ba80213619f6_829086fc34bb1bb7_cdfb3c72990c54cd_39ad0fd1b7acc96ca8cac312298e3f9e"
"1275","a6f2c2d3cb497d6a_829086fc34bb1bb7_cdfb3c72990c54cd_78f825627978d1161a975c022e48e815"
"1276","9b46a0146fa1bfff_829086fc34bb1bb7_cdfb3c72990c54cd_ac262745aa43993d6bb347716fda2c94"
"1277","c72092631a35b034_829086fc34bb1bb7_cdfb3c72990c54cd_6392e67a42414375425f890a6c7b7d16"
"1278","df186188f6df6a30_829086fc34bb1bb7_cdfb3c72990c54cd_3b4c92648095a897feaa75fff60c0b23"
"1279","57d69f5b3280116a_829086fc34bb1bb7_cdfb3c72990c54cd_a4f6a8a79a0c15d9503c93c36caefee2"
"1280","b08bb60dc77c4b53_829086fc34bb1bb7_cdfb3c72990c54cd_385513aa3a3a4028b44f9f4a80045dbd"
"1281","85d26c880d5cd859_829086fc34bb1bb7_cdfb3c72990c54cd_ffffa5b23a43fe129c36c5e6a554420b"
"1282","3cd8f568280767bd_829086fc34bb1bb7_cdfb3c72990c54cd_92e503db52fe36d8b4da56d3c36208eb"
"1283","41ac0ab209bb66a1_829086fc34bb1bb7_cdfb3c72990c54cd_5670ed1010f1bcf9adc0c5bf6a87144b"
"1284","3a535f9210b732d8_829086fc34bb1bb7_cdfb3c72990c54cd_d39f81a2ce039fef39552c75ff386c4a"
"1285","7781926f77d92128_829086fc34bb1bb7_cdfb3c72990c54cd_6d58995702499d1d59f85828b6753151"
"1286","6c8a152068ca9743_829086fc34bb1bb7_cdfb3c72990c54cd_b2056836bd28b19faea65d149a49c85d"
"1287","0ffd40b13c4b58c0_829086fc34bb1bb7_cdfb3c72990c54cd_70000692d6fffc73250f693230c2b82f"
"1288","b6763bdc6757c2a4_829086fc34bb1bb7_cdfb3c72990c54cd_c25c009f0633f3a155c723211ec7bb53"
"1289","780f94973af34d93_829086fc34bb1bb7_cdfb3c72990c54cd_1ca73adc06ff25fa469ce10cadcfbdcc"
"1290","3c326f9b64031756_829086fc34bb1bb7_cdfb3c72990c54cd_03b0767a86cc5705524cda56f48c722b"
"1291","2956d86d550849ba_829086fc34bb1bb7_cdfb3c72990c54cd_957cb85a4cbcf629e842cdb14e93f4db"
"1292","42ab770fb7804932_829086fc34bb1bb7_cdfb3c72990c54cd_48b07dea891ea0d13081b49b8533df9a"
"1293","8a9694c45ac4b461_829086fc34bb1bb7_cdfb3c72990c54cd_59ae3e77f87a75366625e9c3e106a6f5"
"1294","dc32c194d391bd89_829086fc34bb1bb7_cdfb3c72990c54cd_cf3ee6d85e06bd66389dd8ca1db2d60a"
"1295","41f805a4cc2613b3_829086fc34bb1bb7_cdfb3c72990c54cd_fc6e5e87f9560a4947eca7ee48115b19"
"1296","f6217891153279b6_829086fc34bb1bb7_cdfb3c72990c54cd_185f9b918552959b53239ae763b8bc21"
"1297","973901b079813683_829086fc34bb1bb7_cdfb3c72990c54cd_ae36cbed8a2977bccca2214a96cf3b52"
"1298","df77f907b1339b77_829086fc34bb1bb7_cdfb3c72990c54cd_8bfb1acebd2de791f5761c91ab25d52d"
"1299","8db01bbd4170bf90_829086fc34bb1bb7_cdfb3c72990c54cd_f00c25789bf5e3002256c489db575ab0"
"1300","bc29a99f8f7bd131_829086fc34bb1bb7_cdfb3c72990c54cd_b5c413bb21ab0b9a8993156067478cd0"
"1301","f936f3f97a600354_829086fc34bb1bb7_cdfb3c72990c54cd_ab4c13c9939a454468004ca664493d65"
"1302","03d726d0a07cbf41_829086fc34bb1bb7_cdfb3c72990c54cd_cc94335b109503f598d3a32aa9b9c3de"
"1303","ac617dd490fc7df7_829086fc34bb1bb7_cdfb3c72990c54cd_487e71d7c72f6fba95c85c13a0a6fe97"
"1304","458450badbc28703_829086fc34bb1bb7_cdfb3c72990c54cd_6237c78ba7ef4a008cf00b73fe2fdc9d"
"1305","adc3472729b2736b_829086fc34bb1bb7_cdfb3c72990c54cd_99459c6a88256712bbcecaf961308a5a"
"1306","713a30c1ffc72dbb_829086fc34bb1bb7_cdfb3c72990c54cd_f26a2718d2d5ac09513877e2e67caafc"
"1307","4544485ac5d39d76_829086fc34bb1bb7_cdfb3c72990c54cd_5e6cdc1105ccd9990700bcde820f6174"
"1308","98b1c288d534d7f1_829086fc34bb1bb7_cdfb3c72990c54cd_5918c284e1e9de1b7396ed212c2dfd08"
"1309","f834bf77f677a6ba_829086fc34bb1bb7_cdfb3c72990c54cd_e35fc92f3b2b1a89cd4d345bfbcac636"
"1310","b844c5a479d71bb5_829086fc34bb1bb7_cdfb3c72990c54cd_d66dbce68d4852f378ad8bfeaec09a55"
"1311","33c941130047c6b7_829086fc34bb1bb7_cdfb3c72990c54cd_4de6466f34f277a6849f3de6f3ae4916"
"1312","0f341a5299097d89_829086fc34bb1bb7_cdfb3c72990c54cd_0795dd1c1dd99bb022b28094cc6b2607"
"1313","35d66df6d141821a_829086fc34bb1bb7_cdfb3c72990c54cd_764b42c29ec8eaeba5f3d4a1f15f6a74"
"1314","9c119403ff4bb16f_829086fc34bb1bb7_cdfb3c72990c54cd_1993d468e26debb07d747c0a4e0bc4f9"
"1315","452781afd94d8122_829086fc34bb1bb7_cdfb3c72990c54cd_0a4fdf33a45633a8e79491aeb31c52af"
"1316","c3c49748465cc287_829086fc34bb1bb7_cdfb3c72990c54cd_02ce4afb9a231a02645d4049717cfdf8"
"1317","724005b08a97dd4c_829086fc34bb1bb7_cdfb3c72990c54cd_462cc70fca832d764f67886da7e82caa"
"1318","0449294b157ad061_829086fc34bb1bb7_cdfb3c72990c54cd_8c395647b55898ebd1353904027076b3"
"1319","39483b70a8f8475c_829086fc34bb1bb7_cdfb3c72990c54cd_74d4f1e0d6eeeae4d74ac42de8a5efce"
"1320","d5b2b00727d4da75_829086fc34bb1bb7_cdfb3c72990c54cd_974eeed1f8e8098b065c875228f38634"
"1321","2b948a17058a7634_829086fc34bb1bb7_cdfb3c72990c54cd_b50b778adc63c8447d6e2b2bd00749a8"
"1322","af496fbc473a61b9_829086fc34bb1bb7_cdfb3c72990c54cd_c324d0393d6d2848a91156d5a0a3c8fd"
"1323","b7126da5d59a2827_829086fc34bb1bb7_cdfb3c72990c54cd_ed2bf74a33a6adc0192d474dbe7ea288"
"1324","77704c898565d858_829086fc34bb1bb7_cdfb3c72990c54cd_a06e3a115bb7a7eb590883646ce25549"
"1325","6f6364fc13a81fc0_829086fc34bb1bb7_cdfb3c72990c54cd_86ec37d9411b767b5445f99d78caa4c5"
"1326","076d4d7225d605dc_829086fc34bb1bb7_cdfb3c72990c54cd_c580db6d12a0b5724ce4478ba1da527e"
"1327","06f3ad5a159bb524_829086fc34bb1bb7_cdfb3c72990c54cd_198777c52c5c6c286a8632e459720c17"
"1328","bd6866bbc7b4a1b0_829086fc34bb1bb7_cdfb3c72990c54cd_7f76214676106a153c24656c857a6550"
"1329","29960366d97f4305_829086fc34bb1bb7_cdfb3c72990c54cd_6ebbb8495a52dda52bf5389689cc73e0"
"1330","d05f3bb355fba017_829086fc34bb1bb7_cdfb3c72990c54cd_b5db9b51a1b5e4e1caa3f159fe823213"
"1331","5bb6f252fff51bac_829086fc34bb1bb7_cdfb3c72990c54cd_8c6d76965b64f9b82e0609b50577abc1"
"1332","0749c71759dbf108_829086fc34bb1bb7_cdfb3c72990c54cd_ef222bd90fd82b6bb04b07e32bfe4f70"
"1333","4fcb5f8cbcc3f4d4_829086fc34bb1bb7_cdfb3c72990c54cd_12940776fa2211ef35b9b4f3cdd73477"
"1334","d122466cb87cb81c_829086fc34bb1bb7_cdfb3c72990c54cd_85381343a99e0138389d71fe812d057f"
"1335","f9b59224724d7131_829086fc34bb1bb7_cdfb3c72990c54cd_c19bff9ed39c6f8e6b83d52100946ae9"
"1336","b64ac93df2a61829_829086fc34bb1bb7_cdfb3c72990c54cd_fbb49c15400a12adefd5bb0512a72951"
"1337","4f86131c710bbdca_829086fc34bb1bb7_cdfb3c72990c54cd_bc1bc01f4d76faf6ed4cd2e63a77e30f"
"1338","21cca64f2f6407c6_829086fc34bb1bb7_cdfb3c72990c54cd_75017f092f4fbd1b69090853b881ec3a"
"1339","5993f734d838963d_829086fc34bb1bb7_cdfb3c72990c54cd_68821ce84401aefa961f6a0e2ed5c591"
"1340","d0427005ab462596_829086fc34bb1bb7_cdfb3c72990c54cd_338c4d0541be49bf6099aa2c580582fb"
"1341","b19db1909f537b14_829086fc34bb1bb7_cdfb3c72990c54cd_8d31117af310c77ad6860e0449d2f69c"
"1342","c363ff3784d92bf4_829086fc34bb1bb7_cdfb3c72990c54cd_a62e0cccda5c287bd8016b700010cd70"
"1343","b00c2f0316875468_829086fc34bb1bb7_cdfb3c72990c54cd_df8ac24ac6fb75d79c5908d2de87ab16"
"1344","dc7c151842bf1f5d_829086fc34bb1bb7_cdfb3c72990c54cd_813db401c9715721115632261f8eaecb"
"1345","6d7c47cf36ca74fc_829086fc34bb1bb7_cdfb3c72990c54cd_bc41341ab8c7e4e169474364a5fc11c9"
"1346","94d44f89df5ffdc0_829086fc34bb1bb7_cdfb3c72990c54cd_84d00eac2b41755e02eb1a19e9949237"
"1347","a2d48d5287fc7c63_829086fc34bb1bb7_cdfb3c72990c54cd_6efb78e30dd620fc8e899596fb89d48e"
"1348","953abda522a3d284_829086fc34bb1bb7_cdfb3c72990c54cd_5174e7168cb25a273eb086554179a323"
"1349","aaa4c775c706930c_829086fc34bb1bb7_cdfb3c72990c54cd_dd674da9f9fbdbefbe04cd821d724a0f"
"1350","0d4c6c748a7d61ad_829086fc34bb1bb7_cdfb3c72990c54cd_fbe5aa6d20d20daa85b94b23faefe823"
"1351","5f0116db1c8dfb34_829086fc34bb1bb7_cdfb3c72990c54cd_9014d47d9f3563dbfa0bb6dd72600066"
"1352","bc70afd59f4c807b_829086fc34bb1bb7_cdfb3c72990c54cd_ad758e1e8ab61f8977c03b89fd924b75"
"1353","6772f1d85f1369ca_829086fc34bb1bb7_cdfb3c72990c54cd_f6afec90e2277ecf2ee17cdedbcfd61b"
"1354","488722a1b4522a6a_829086fc34bb1bb7_cdfb3c72990c54cd_942ef80483dba98919ae0061e64d054f"
"1355","6a932da8f50cb0a4_829086fc34bb1bb7_cdfb3c72990c54cd_46f75b4aeaf723142672cebbf8952ca1"
"1356","bd68fc45cddf3bf3_829086fc34bb1bb7_cdfb3c72990c54cd_17112fdd8249f37ada3f7c6bd83d3309"
"1357","3834a065d519336b_829086fc34bb1bb7_cdfb3c72990c54cd_a2d8aa8d99633287912c15e36ad5f16d"
"1358","bd02ac8843a0ac86_829086fc34bb1bb7_cdfb3c72990c54cd_91df0801beae6820ae73555af963c4f2"
"1359","37243342cfbff67c_829086fc34bb1bb7_cdfb3c72990c54cd_64e9439b3d1374f2510f9a2d91f6b18b"
"1360","17c7d63d11a8846f_829086fc34bb1bb7_cdfb3c72990c54cd_a91eae1bf13e9c237667027d444fc3b2"
"1361","1659d7a98661d065_829086fc34bb1bb7_cdfb3c72990c54cd_2af9072126f553c035505ec193d48e02"
"1362","90956778137f907d_829086fc34bb1bb7_cdfb3c72990c54cd_85f1b273becec0fc4c5a8127b5ac64ff"
"1363","c7c5504875aaf765_829086fc34bb1bb7_cdfb3c72990c54cd_17a5412fbbf7526888a669050411e19f"
"1364","9bd8239cc500224c_829086fc34bb1bb7_cdfb3c72990c54cd_dbb7c3ca0e158cb750779b34468b1b99"
"1365","9531d83274cbdc36_829086fc34bb1bb7_cdfb3c72990c54cd_401ed7a2f298d5cc9549960cfb1f9d1b"
"1366","34b7ca5da0ca84dc_829086fc34bb1bb7_cdfb3c72990c54cd_8fd9011a1cbad4deae482cbb06fc62e7"
"1367","bf753a97a00688a2_829086fc34bb1bb7_cdfb3c72990c54cd_9bd99e4e3cac0b6a49050afe482b521f"
"1368","989d98dbd258d03f_829086fc34bb1bb7_cdfb3c72990c54cd_2fc8a3de9f78ef4317587f7f17e753e7"
"1369","a9645b752f59948b_829086fc34bb1bb7_cdfb3c72990c54cd_40fb9fb2dc0d0ffb71255e729ff9b398"
"1370","140b4f94d26cba34_829086fc34bb1bb7_cdfb3c72990c54cd_b46e56c7970b0df559ce76af3b1eccfd"
"1371","05bc99cddad73867_829086fc34bb1bb7_cdfb3c72990c54cd_ce0f9cb51b2e96cbbd939ce05240b969"
"1372","65fc49bb8f13ddbb_829086fc34bb1bb7_cdfb3c72990c54cd_43e2836cbc6b41d985841ecde4e74173"
"1373","dddcbc8d8bf42422_829086fc34bb1bb7_cdfb3c72990c54cd_c710e76e77f39a6d34e6f1a1c584f168"
"1374","34d6194ab6a45c89_829086fc34bb1bb7_cdfb3c72990c54cd_e6143dbcaddf970934b5409b7e07cba2"
"1375","722d81980705fbcd_829086fc34bb1bb7_cdfb3c72990c54cd_615d7ca895da063c2285e4633d61b1d5"
"1376","f31647b9a44d0bfd_829086fc34bb1bb7_cdfb3c72990c54cd_866413ac4e24652fb72f6dd1bd1db495"
"1377","1016ca840c252a05_829086fc34bb1bb7_cdfb3c72990c54cd_7445ce0d70c6ce083ac94282ea77750a"
"1378","81c1d1dfd452b9dd_829086fc34bb1bb7_cdfb3c72990c54cd_493de652d0e0c820d87980730a884a9f"
"1379","0d4354fa093bc591_829086fc34bb1bb7_cdfb3c72990c54cd_e6658c0f695e575770c80ad21e193bde"
"1380","cb49533f0d7d2086_829086fc34bb1bb7_cdfb3c72990c54cd_b1f2f9636baabdc41bc9ffc3cf1025de"
"1381","366f84c535723352_829086fc34bb1bb7_cdfb3c72990c54cd_8025ad6f6e8387143ee7dad924d35aa2"
"1382","d9b24f02c370f486_829086fc34bb1bb7_cdfb3c72990c54cd_1569cfcc2fb86646cff1786cbf7cdcab"
"1383","a7dd708509405434_829086fc34bb1bb7_cdfb3c72990c54cd_46c1f5521bd8d11c582f8464f2718ac6"
"1384","4d4ffdb3d2b4182d_829086fc34bb1bb7_cdfb3c72990c54cd_d6fb0129c9f1ac2ff65b1715596d042d"
"1385","f2df4a8491cb3dbd_829086fc34bb1bb7_cdfb3c72990c54cd_367a460da03f9552885a30b26857ebea"
"1386","dcbb37bcadc28576_829086fc34bb1bb7_cdfb3c72990c54cd_b4ec7f6baccc265fce6ef474fdff164d"
"1387","046f54640cb80c73_829086fc34bb1bb7_cdfb3c72990c54cd_4179d23a22fabe33e50c79aa5ba167a4"
"1388","b86cc3f6a4749130_829086fc34bb1bb7_cdfb3c72990c54cd_d94abb053ae1d8e9e38ac67cb2507758"
"1389","67327f3374ddda29_829086fc34bb1bb7_cdfb3c72990c54cd_aac17f5ac4a878fd6e595a6ad8eb558b"
"1390","f8c586dfb5daa847_829086fc34bb1bb7_cdfb3c72990c54cd_44ee914efe51635942372ad7bfe5f5d7"
"1391","b4329dd9274f245c_829086fc34bb1bb7_cdfb3c72990c54cd_742af9670b460110f188e9147fff8c3e"
"1392","08d8a0a54f0cd561_829086fc34bb1bb7_cdfb3c72990c54cd_0a5dfbc087dd95590325ee617d36f6f8"
"1393","b27c7875240a4258_829086fc34bb1bb7_cdfb3c72990c54cd_1b16d3209863cd5fcf184365c44bb461"
"1394","c7542dba6927754d_829086fc34bb1bb7_cdfb3c72990c54cd_e9f6afd849723809aa12d5af414ba0b2"
"1395","62067557cfaaad39_829086fc34bb1bb7_cdfb3c72990c54cd_3c62d90821f01620d0da6c9eb908e1dc"
"1396","a29f07f8842aaf47_829086fc34bb1bb7_cdfb3c72990c54cd_8e74dec6b62be0949df1b76d143f3203"
"1397","cbda98691b7649fd_829086fc34bb1bb7_cdfb3c72990c54cd_242b119f15c5714515b3dae6d7c3f65c"
"1398","60622590992c56b6_829086fc34bb1bb7_cdfb3c72990c54cd_9a04cd177b1aaa5528b8d02d3d70c887"
"1399","9c871d7cf5b7fcb7_829086fc34bb1bb7_cdfb3c72990c54cd_f29d7424a099abee21dfa57d00bb4b42"
"1400","10a667778043a3cf_829086fc34bb1bb7_cdfb3c72990c54cd_b7a796faeaeda7a4ffc66107cca6db05"
"1401","59df328499676794_829086fc34bb1bb7_cdfb3c72990c54cd_cc857ca9a04f20f38e0902255d421b74"
"1402","747f1b07402a9bdb_829086fc34bb1bb7_cdfb3c72990c54cd_d5d1ad41635481d152f9c76167e9d4eb"
"1403","ab318553c9f1b9ca_829086fc34bb1bb7_cdfb3c72990c54cd_b5cca95e1f692cd2841e75ac36d84f4d"
"1404","3a541db217c2dcb3_829086fc34bb1bb7_cdfb3c72990c54cd_4eefda8f807ed110f2d2e91c01b87e30"
"1405","700cdccdffbabf73_829086fc34bb1bb7_cdfb3c72990c54cd_b7aab6b3c59888a3051addc4a7d7c366"
"1406","700cdccdffbabf73_829086fc34bb1bb7_cdfb3c72990c54cd_b7aab6b3c59888a3051addc4a7d7c366"
"1407","947f78b73bdf52bf_829086fc34bb1bb7_cdfb3c72990c54cd_72f3d312340bb526cdf7792b1a670ca1"
"1408","7a4bbdcb39f9cb9d_829086fc34bb1bb7_cdfb3c72990c54cd_ad8a5eafddf123d014efb4bfc8fe5a37"
"1409","065c47d0933709a6_829086fc34bb1bb7_cdfb3c72990c54cd_1f46e41f974c286a617f1546dde446fc"
"1410","1667c9a83c14ca89_829086fc34bb1bb7_cdfb3c72990c54cd_9df1103405b78ab9518f84925dbe380d"
"1411","1667c9a83c14ca89_829086fc34bb1bb7_cdfb3c72990c54cd_9df1103405b78ab9518f84925dbe380d"
"1412","b62864f0db644a76_829086fc34bb1bb7_cdfb3c72990c54cd_5a41d21416e24b80cfe51ddbe8676fe4"
"1413","c16d570b388d4624_829086fc34bb1bb7_cdfb3c72990c54cd_8927a02934d8a175cafcd0b7354a0a70"
"1414","29579317f028facd_829086fc34bb1bb7_cdfb3c72990c54cd_a2399c2b6848a395628df02c8b84a1fe"
"1415","9237c4314d23b27d_829086fc34bb1bb7_cdfb3c72990c54cd_c5e2f51addb2ce7f0df6d70bb87b369f"
"1416","8a34c4caa80f064f_829086fc34bb1bb7_cdfb3c72990c54cd_ec19e92b886f4e0102e6ee8aa6545647"
"1417","f57d60cfd095dbd4_829086fc34bb1bb7_cdfb3c72990c54cd_c1cd4a4fd8136a1d5f14183f7337b45b"
"1418","cd13546c697b3b22_829086fc34bb1bb7_cdfb3c72990c54cd_860b1a2be0849f40f90acde71c9de35a"
"1419","6641a8add7790d2b_829086fc34bb1bb7_cdfb3c72990c54cd_8cab4f457ccf193a49229edef6e35daa"
"1420","0339581c7cb0f141_829086fc34bb1bb7_cdfb3c72990c54cd_fe60355845f5e7d96fe8356e04a73d93"
"1421","60bd2b1d396b96fc_829086fc34bb1bb7_cdfb3c72990c54cd_a5fc413f4cc3af12c69adcc8037811f6"
"1422","50cd2918f6f93914_829086fc34bb1bb7_cdfb3c72990c54cd_d5dce0bc364fba4f7495a83eadc47088"
